Image_Index,Original_Filename,Total_Vehicles,Motorcycles,Cars,Trucks
00001,001.jpg,15,7,5,3
00002,002.jpg,7,3,3,1
00003,003.jpg,6,1,4,1
00004,004.jpg,5,1,3,1
00005,005.jpg,10,2,6,2
00006,006.jpg,12,5,6,1
00007,007.jpg,11,5,5,1
00008,008.jpg,10,7,2,1
00009,009.jpg,10,5,4,1
00010,010.jpg,10,2,6,2
00011,011.jpg,8,1,6,1
00012,012.jpg,7,2,4,1
00013,013.jpg,10,3,6,1
00014,014.jpg,12,4,6,2
00015,015.jpg,13,6,5,2
00016,016.jpg,6,0,4,2
00017,017.jpg,10,5,2,3
00018,018.jpg,9,3,2,4
00019,019.jpg,13,3,6,4
00020,020.jpg,4,0,3,1
00021,021.jpg,7,2,4,1
00022,022.jpg,11,4,3,4
00023,023.jpg,6,0,3,3
00024,024.jpg,10,2,4,4
00025,025.jpg,4,2,1,1
00026,026.jpg,11,7,3,1
00027,027.jpg,9,7,0,2
00028,028.jpg,9,6,1,2
00029,029.jpg,10,7,1,2
00030,030.jpg,9,7,2,0
00031,031.jpg,6,4,2,0
00032,032.jpg,11,7,3,1
00033,033.jpg,7,5,1,1
00034,034.jpg,6,5,1,0
00035,035.jpg,5,4,1,0
00036,036.jpg,3,2,1,0
00037,037.jpg,3,1,1,1
00038,038.jpg,7,6,0,1
00039,039.jpg,4,3,0,1
00040,040.jpg,3,2,1,0
00041,041.jpg,7,6,1,0
00042,042.jpg,7,5,2,0
00043,043.jpg,6,5,1,0
00044,044.jpg,6,5,1,0
00045,045.jpg,8,4,4,0
00046,046.jpg,7,5,1,1
00047,047.jpg,7,6,1,0
00048,048.jpg,2,0,2,0
00049,049.jpg,5,2,3,0
00050,050.jpg,10,3,5,2
00051,051.jpg,10,6,4,0
00052,052.jpg,5,3,1,1
00053,053.jpg,7,6,1,0
00054,054.jpg,7,6,1,0
00055,055.jpg,6,3,3,0
00056,056.jpg,4,3,1,0
00057,057.jpg,3,0,3,0
00058,058.jpg,3,2,1,0
00059,059.jpg,6,5,1,0
00060,060.jpg,6,4,2,0
00061,061.jpg,4,1,3,0
00062,062.jpg,4,1,2,1
00063,063.jpg,4,3,1,0
00064,064.jpg,3,0,3,0
00065,065.jpg,4,1,2,1
00066,066.jpg,5,0,2,3
00067,067.jpg,5,2,3,0
00068,068.jpg,3,1,2,0
00069,069.jpg,2,1,0,1
00070,070.jpg,5,2,2,1
00071,071.jpg,8,6,2,0
00072,072.jpg,5,0,5,0
00073,073.jpg,4,0,3,1
00074,074.jpg,4,3,1,0
00075,075.jpg,1,0,1,0
00076,076.jpg,2,0,1,1
00077,077.jpg,6,4,2,0
00078,078.jpg,5,3,2,0
00079,079.jpg,8,6,2,0
00080,080.jpg,8,7,1,0
00081,081.jpg,6,2,3,1
00082,082.jpg,9,6,2,1
00083,083.jpg,11,7,3,1
00084,084.jpg,4,3,1,0
00085,085.jpg,7,4,3,0
00086,086.jpg,6,3,3,0
00087,087.jpg,12,8,3,1
00088,088.jpg,9,6,2,1
00089,089.jpg,9,5,4,0
00090,090.jpg,7,2,5,0
00091,091.jpg,7,4,3,0
00092,092.jpg,5,3,2,0
00093,093.jpg,4,3,1,0
00094,094.jpg,4,3,1,0
00095,095.jpg,5,3,2,0
00096,096.jpg,2,1,1,0
00097,097.jpg,6,3,3,0
00098,098.jpg,6,2,3,1
00099,099.jpg,8,4,3,1
00100,100.jpg,7,3,4,0
00101,101.jpg,9,6,2,1
00102,102.jpg,5,4,1,0
00103,103.jpg,8,6,2,0
00104,104.jpg,3,2,1,0
00105,105.jpg,2,1,1,0
00106,106.jpg,7,4,3,0
00107,107.jpg,7,3,4,0
00108,108.jpg,4,1,3,0
00109,109.jpg,4,0,4,0
00110,110.jpg,4,2,1,1
00111,111.jpg,8,7,1,0
00112,112.jpg,6,5,1,0
00113,113.jpg,8,7,1,0
00114,114.jpg,4,0,3,1
00115,115.jpg,1,0,1,0
00116,116.jpg,6,4,1,1
00117,117.jpg,3,0,2,1
00118,118.jpg,7,4,2,1
00119,119.jpg,6,3,2,1
00120,120.jpg,2,1,0,1
00121,121.jpg,6,5,0,1
00122,122.jpg,8,7,0,1
00123,123.jpg,10,8,1,1
00124,124.jpg,7,3,3,1
00125,125.jpg,7,3,4,0
00126,126.jpg,9,6,3,0
00127,127.jpg,12,5,5,2
00128,128.jpg,11,9,2,0
00129,129.jpg,3,2,0,1
00130,130.jpg,7,4,1,2
00131,131.jpg,10,7,0,3
00132,132.jpg,6,3,1,2
00133,133.jpg,6,4,1,1
00134,134.jpg,10,8,1,1
00135,135.jpg,10,7,2,1
00136,136.jpg,9,6,2,1
00137,137.jpg,8,3,4,1
00138,138.jpg,5,3,1,1
00139,139.jpg,8,5,1,2
00140,140.jpg,8,4,3,1
00141,141.jpg,5,3,1,1
00142,142.jpg,3,1,1,1
00143,143.jpg,5,1,3,1
00144,144.jpg,7,1,5,1
00145,145.jpg,10,4,4,2
00146,146.jpg,8,3,3,2
00147,147.jpg,8,4,3,1
00148,148.jpg,5,1,3,1
00149,149.jpg,7,2,3,2
00150,150.jpg,9,1,3,5
00151,151.jpg,6,2,3,1
00152,152.jpg,7,4,2,1
00153,153.jpg,6,3,1,2
00154,154.jpg,6,0,3,3
00155,155.jpg,6,2,2,2
00156,156.jpg,4,3,0,1
00157,157.jpg,9,7,1,1
00158,158.jpg,12,9,2,1
00159,159.jpg,8,8,0,0
00160,160.jpg,10,6,3,1
00161,161.jpg,12,5,4,3
00162,162.jpg,9,2,4,3
00163,163.jpg,8,3,5,0
00164,164.jpg,5,2,2,1
00165,165.jpg,10,3,5,2
00166,166.jpg,8,5,1,2
00167,167.jpg,9,4,4,1
00168,168.jpg,5,2,3,0
00169,169.jpg,8,3,4,1
00170,170.jpg,10,6,4,0
00171,171.jpg,7,3,3,1
00172,172.jpg,6,2,1,3
00173,173.jpg,4,1,1,2
00174,174.jpg,6,2,3,1
00175,175.jpg,5,3,1,1
00176,176.jpg,5,2,2,1
00177,177.jpg,2,1,1,0
00178,178.jpg,8,5,1,2
00179,179.jpg,10,6,2,2
00180,180.jpg,10,5,2,3
00181,181.jpg,9,4,3,2
00182,182.jpg,7,2,3,2
00183,183.jpg,8,5,1,2
00184,184.jpg,7,1,4,2
00185,185.jpg,10,7,2,1
00186,186.jpg,6,4,1,1
00187,187.jpg,8,3,3,2
00188,188.jpg,11,2,6,3
00189,189.jpg,10,3,5,2
00190,190.jpg,9,4,3,2
00191,191.jpg,12,8,3,1
00192,192.jpg,15,8,4,3
00193,193.jpg,12,4,6,2
00194,194.jpg,11,7,1,3
00195,195.jpg,5,3,0,2
00196,196.jpg,11,9,1,1
00197,197.jpg,12,4,4,4
00198,198.jpg,8,3,3,2
00199,199.jpg,12,8,3,1
00200,200.jpg,12,8,2,2
00201,201.jpg,12,7,2,3
00202,202.jpg,10,2,4,4
00203,203.jpg,15,10,4,1
00204,204.jpg,11,7,2,2
00205,205.jpg,17,10,4,3
00206,206.jpg,12,6,4,2
00207,207.jpg,10,6,3,1
00208,208.jpg,10,5,3,2
00209,209.jpg,7,4,1,2
00210,210.jpg,7,3,3,1
00211,211.jpg,9,1,4,4
00212,212.jpg,7,4,0,3
00213,213.jpg,8,5,3,0
00214,214.jpg,13,8,4,1
00215,215.jpg,11,5,5,1
00216,216.jpg,8,4,4,0
00217,217.jpg,11,8,2,1
00218,218.jpg,10,8,2,0
00219,219.jpg,10,7,3,0
00220,220.jpg,6,3,2,1
00221,221.jpg,7,7,0,0
00222,222.jpg,5,4,1,0
00223,223.jpg,10,6,2,2
00224,224.jpg,9,5,3,1
00225,225.jpg,7,5,1,1
00226,226.jpg,7,6,1,0
00227,227.jpg,8,5,2,1
00228,228.jpg,10,3,6,1
00229,229.jpg,13,4,8,1
00230,230.jpg,10,5,5,0
00231,231.jpg,12,6,5,1
00232,232.jpg,14,7,6,1
00233,233.jpg,9,1,6,2
00234,234.jpg,10,4,3,3
00235,235.jpg,8,4,3,1
00236,236.jpg,11,5,5,1
00237,237.jpg,9,4,3,2
00238,238.jpg,13,6,4,3
00239,239.jpg,9,6,2,1
00240,240.jpg,10,7,0,3
00241,241.jpg,13,10,1,2
00242,242.jpg,11,7,2,2
00243,243.jpg,11,7,2,2
00244,244.jpg,13,9,3,1
00245,245.jpg,16,11,4,1
00246,246.jpg,9,5,3,1
00247,247.jpg,12,6,4,2
00248,248.jpg,10,6,3,1
00249,249.jpg,15,10,4,1
00250,250.jpg,14,8,5,1
00251,251.jpg,14,6,6,2
00252,252.jpg,10,5,3,2
00253,253.jpg,9,4,2,3
00254,254.jpg,11,4,3,4
00255,255.jpg,14,3,6,5
00256,256.jpg,15,8,3,4
00257,257.jpg,12,6,4,2
00258,258.jpg,11,2,5,4
00259,259.jpg,8,3,3,2
00260,260.jpg,12,4,4,4
00261,261.jpg,12,6,5,1
00262,262.jpg,8,2,3,3
00263,263.jpg,7,2,2,3
00264,264.jpg,11,4,4,3
00265,265.jpg,12,7,1,4
00266,266.jpg,9,4,2,3
00267,267.jpg,9,3,2,4
00268,268.jpg,7,2,2,3
00269,269.jpg,9,3,3,3
00270,270.jpg,8,3,3,2
00271,271.jpg,8,1,5,2
00272,272.jpg,11,3,5,3
00273,273.jpg,11,1,7,3
00274,274.jpg,14,7,6,1
00275,275.jpg,13,5,7,1
00276,276.jpg,14,8,5,1
00277,277.jpg,13,3,9,1
00278,278.jpg,14,7,5,2
00279,279.jpg,13,6,3,4
00280,280.jpg,11,7,1,3
00281,281.jpg,9,6,1,2
00282,282.jpg,10,9,0,1
00283,283.jpg,11,6,4,1
00284,284.jpg,8,3,3,2
00285,285.jpg,5,4,0,1
00286,286.jpg,6,4,1,1
00287,287.jpg,11,9,0,2
00288,288.jpg,12,9,2,1
00289,289.jpg,4,2,1,1
00290,290.jpg,11,5,3,3
00291,291.jpg,13,5,4,4
00292,292.jpg,14,8,2,4
00293,293.jpg,12,7,1,4
00294,294.jpg,13,6,3,4
00295,295.jpg,17,6,6,5
00296,296.jpg,20,7,8,5
00297,297.jpg,14,9,3,2
00298,298.jpg,10,3,4,3
00299,299.jpg,12,6,4,2
00300,300.jpg,8,1,4,3
00301,301.jpg,12,8,2,2
00302,302.jpg,12,3,4,5
00303,303.jpg,13,5,4,4
00304,304.jpg,10,2,4,4
00305,305.jpg,9,2,4,3
00306,306.jpg,5,1,1,3
00307,307.jpg,6,1,2,3
00308,308.jpg,9,1,5,3
00309,309.jpg,7,0,5,2
00310,310.jpg,8,1,3,4
00311,311.jpg,9,4,1,4
00312,312.jpg,9,3,5,1
00313,313.jpg,13,2,7,4
00314,314.jpg,12,2,8,2
00315,315.jpg,12,5,5,2
00316,316.jpg,11,5,5,1
00317,317.jpg,13,5,5,3
00318,318.jpg,16,8,7,1
00319,319.jpg,8,4,3,1
00320,320.jpg,10,3,4,3
00321,321.jpg,12,7,2,3
00322,322.jpg,14,3,10,1
00323,323.jpg,15,15,0,0
00324,324.jpg,15,15,0,0
00325,325.jpg,13,12,1,0
00326,326.jpg,13,12,1,0
00327,327.jpg,10,9,1,0
00328,328.jpg,13,12,1,0
00329,329.jpg,15,8,7,0
00330,330.jpg,9,9,0,0
00331,331.jpg,14,14,0,0
00332,332.jpg,12,12,0,0
00333,333.jpg,10,10,0,0
00334,334.jpg,16,15,1,0
00335,335.jpg,16,14,2,0
00336,336.jpg,11,11,0,0
00337,337.jpg,16,14,2,0
00338,338.jpg,12,11,1,0
00339,339.jpg,14,14,0,0
00340,340.jpg,7,2,4,1
00341,341.jpg,20,16,4,0
00342,342.jpg,18,16,2,0
00343,343.jpg,11,10,0,1
00344,344.jpg,18,18,0,0
00345,345.jpg,15,13,1,1
00346,346.jpg,14,13,1,0
00347,347.jpg,18,15,2,1
00348,348.jpg,12,12,0,0
00349,349.jpg,11,8,3,0
00350,350.jpg,14,9,2,3
00351,351.jpg,8,2,4,2
00352,352.jpg,16,15,1,0
00353,353.jpg,10,10,0,0
00354,354.jpg,17,16,1,0
00355,355.jpg,13,12,1,0
00356,356.jpg,11,10,1,0
00357,357.jpg,14,13,1,0
00358,358.jpg,14,14,0,0
00359,359.jpg,9,7,2,0
00360,360.jpg,11,10,0,1
00361,361.jpg,10,8,2,0
00362,362.jpg,9,3,3,3
00363,363.jpg,18,17,1,0
00364,364.jpg,18,15,3,0
00365,365.jpg,16,13,3,0
00366,366.jpg,14,13,1,0
00367,367.jpg,16,14,2,0
00368,368.jpg,14,11,2,1
00369,369.jpg,16,9,6,1
00370,370.jpg,20,15,4,1
00371,371.jpg,12,12,0,0
00372,372.jpg,10,10,0,0
00373,373.jpg,9,4,1,4
00374,374.jpg,13,13,0,0
00375,375.jpg,21,20,1,0
00376,376.jpg,21,18,3,0
00377,377.jpg,18,14,2,2
00378,378.jpg,17,15,1,1
00379,379.jpg,18,16,1,1
00380,380.jpg,12,11,1,0
00381,381.jpg,16,15,1,0
00382,382.jpg,12,9,2,1
00383,383.jpg,18,16,2,0
00384,384.jpg,4,0,2,2
00385,385.jpg,15,12,3,0
00386,386.jpg,18,16,2,0
00387,387.jpg,15,14,1,0
00388,388.jpg,13,12,1,0
00389,389.jpg,14,13,1,0
00390,390.jpg,16,16,0,0
00391,391.jpg,12,12,0,0
00392,392.jpg,16,16,0,0
00393,393.jpg,13,12,1,0
00394,394.jpg,13,11,1,1
00395,395.jpg,13,6,5,2
00396,396.jpg,17,17,0,0
00397,397.jpg,9,9,0,0
00398,398.jpg,13,12,1,0
00399,399.jpg,17,15,2,0
00400,400.jpg,20,16,3,1
00401,401.jpg,8,8,0,0
00402,402.jpg,16,14,2,0
00403,403.jpg,7,6,1,0
00404,404.jpg,15,14,1,0
00405,405.jpg,10,9,1,0
00406,406.jpg,7,0,4,3
00407,407.jpg,14,14,0,0
00408,408.jpg,16,15,0,1
00409,409.jpg,11,10,1,0
00410,410.jpg,17,14,2,1
00411,411.jpg,17,14,3,0
00412,412.jpg,16,15,1,0
00413,413.jpg,18,16,2,0
00414,414.jpg,14,10,4,0
00415,415.jpg,15,15,0,0
00416,416.jpg,15,14,1,0
00417,417.jpg,9,3,3,3
00418,418.jpg,14,14,0,0
00419,419.jpg,16,14,2,0
00420,420.jpg,12,11,1,0
00421,421.jpg,3,3,0,0
00422,422.jpg,8,7,1,0
00423,423.jpg,12,7,3,2
00424,424.jpg,18,14,3,1
00425,425.jpg,19,11,4,4
00426,426.jpg,12,11,0,1
00427,427.jpg,13,12,1,0
00428,428.jpg,12,7,3,2
00429,429.jpg,15,11,3,1
00430,430.jpg,12,11,1,0
00431,431.jpg,7,7,0,0
00432,432.jpg,16,14,2,0
00433,433.jpg,17,14,2,1
00434,434.jpg,15,11,3,1
00435,435.jpg,16,14,1,1
00436,436.jpg,16,10,6,0
00437,437.jpg,16,9,7,0
00438,438.jpg,18,6,10,2
00439,439.jpg,7,1,4,2
00440,440.jpg,14,8,5,1
00441,441.jpg,15,11,1,3
00442,442.jpg,11,10,0,1
00443,443.jpg,9,8,0,1
00444,444.jpg,17,16,0,1
00445,445.jpg,14,11,1,2
00446,446.jpg,15,14,0,1
00447,447.jpg,13,12,0,1
00448,448.jpg,8,4,3,1
00449,449.jpg,9,7,2,0
00450,450.jpg,14,6,3,5
00451,451.jpg,12,9,2,1
00452,452.jpg,17,12,2,3
00453,453.jpg,12,5,5,2
00454,454.jpg,14,11,0,3
00455,455.jpg,7,5,2,0
00456,456.jpg,16,12,3,1
00457,457.jpg,11,8,3,0
00458,458.jpg,17,11,6,0
00459,459.jpg,12,8,3,1
00460,460.jpg,9,6,2,1
00461,461.jpg,9,1,3,5
00462,462.jpg,14,10,3,1
00463,463.jpg,18,11,6,1
00464,464.jpg,17,12,5,0
00465,465.jpg,14,8,5,1
00466,466.jpg,15,9,5,1
00467,467.jpg,16,9,5,2
00468,468.jpg,25,19,5,1
00469,469.jpg,13,9,3,1
00470,470.jpg,16,9,5,2
00471,471.jpg,15,4,8,3
00472,472.jpg,11,3,4,4
00473,473.jpg,17,8,6,3
00474,474.jpg,11,7,3,1
00475,475.jpg,9,5,2,2
00476,476.jpg,12,8,2,2
00477,477.jpg,12,4,6,2
00478,478.jpg,17,6,9,2
00479,479.jpg,19,8,10,1
00480,480.jpg,16,8,7,1
00481,481.jpg,19,11,7,1
00482,482.jpg,15,9,5,1
00483,483.jpg,18,11,4,3
00484,484.jpg,13,7,4,2
00485,485.jpg,22,18,3,1
00486,486.jpg,16,9,7,0
00487,487.jpg,18,8,8,2
00488,488.jpg,25,13,10,2
00489,489.jpg,17,12,5,0
00490,490.jpg,15,10,5,0
00491,491.jpg,15,6,7,2
00492,492.jpg,20,8,8,4
00493,493.jpg,19,12,5,2
00494,494.jpg,14,4,4,6
00495,495.jpg,25,17,6,2
00496,496.jpg,27,18,7,2
00497,497.jpg,22,14,6,2
00498,498.jpg,17,8,7,2
00499,499.jpg,17,10,6,1
00500,500.jpg,12,7,5,0
00501,501.jpg,16,7,9,0
00502,502.jpg,12,4,8,0
00503,503.jpg,12,5,7,0
00504,504.jpg,15,10,5,0
00505,505.jpg,15,3,6,6
00506,506.jpg,17,10,6,1
00507,507.jpg,18,11,7,0
00508,508.jpg,13,10,3,0
00509,509.jpg,11,10,1,0
00510,510.jpg,6,5,1,0
00511,511.jpg,17,14,3,0
00512,512.jpg,7,7,0,0
00513,513.jpg,7,5,2,0
00514,514.jpg,10,9,1,0
00515,515.jpg,12,7,4,1
00516,516.jpg,19,5,8,6
00517,517.jpg,11,10,1,0
00518,518.jpg,4,4,0,0
00519,519.jpg,7,6,1,0
00520,520.jpg,11,11,0,0
00521,521.jpg,12,11,1,0
00522,522.jpg,10,8,1,1
00523,523.jpg,10,9,0,1
00524,524.jpg,10,9,1,0
00525,525.jpg,10,6,2,2
00526,526.jpg,11,9,1,1
00527,527.jpg,14,5,5,4
00528,528.jpg,9,7,0,2
00529,529.jpg,9,9,0,0
00530,530.jpg,16,12,4,0
00531,531.jpg,16,14,2,0
00532,532.jpg,13,11,1,1
00533,533.jpg,8,7,0,1
00534,534.jpg,11,9,1,1
00535,535.jpg,7,7,0,0
00536,536.jpg,11,7,3,1
00537,537.jpg,3,3,0,0
00538,538.jpg,13,6,2,5
00539,539.jpg,8,6,2,0
00540,540.jpg,11,9,2,0
00541,541.jpg,15,12,3,0
00542,542.jpg,12,10,2,0
00543,543.jpg,5,4,1,0
00544,544.jpg,10,9,0,1
00545,545.jpg,10,10,0,0
00546,546.jpg,7,7,0,0
00547,547.jpg,7,7,0,0
00548,548.jpg,10,10,0,0
00549,549.jpg,13,8,3,2
00550,550.jpg,11,10,1,0
00551,551.jpg,7,4,3,0
00552,552.jpg,15,12,2,1
00553,553.jpg,12,7,5,0
00554,554.jpg,6,5,1,0
00555,555.jpg,8,8,0,0
00556,556.jpg,8,6,2,0
00557,557.jpg,9,8,1,0
00558,558.jpg,4,4,0,0
00559,559.jpg,10,10,0,0
00560,560.jpg,11,4,3,4
00561,561.jpg,16,16,0,0
00562,562.jpg,12,11,1,0
00563,563.jpg,9,8,1,0
00564,564.jpg,10,7,2,1
00565,565.jpg,13,6,3,4
00566,566.jpg,13,9,1,3
00567,567.jpg,11,8,1,2
00568,568.jpg,16,12,2,2
00569,569.jpg,13,7,4,2
00570,570.jpg,15,9,5,1
00571,571.jpg,9,4,0,5
00572,572.jpg,7,2,4,1
00573,573.jpg,13,12,1,0
00574,574.jpg,9,8,1,0
00575,575.jpg,10,6,3,1
00576,576.jpg,11,10,1,0
00577,577.jpg,9,7,2,0
00578,578.jpg,7,6,1,0
00579,579.jpg,11,7,3,1
00580,580.jpg,12,7,5,0
00581,581.jpg,11,3,7,1
00582,582.jpg,14,10,4,0
00583,583.jpg,8,3,4,1
00584,584.jpg,5,4,1,0
00585,585.jpg,5,3,2,0
00586,586.jpg,18,13,4,1
00587,587.jpg,14,7,5,2
00588,588.jpg,4,4,0,0
00589,589.jpg,7,6,1,0
00590,590.jpg,7,5,2,0
00591,591.jpg,10,7,2,1
00592,592.jpg,13,12,1,0
00593,593.jpg,11,5,3,3
00594,594.jpg,3,2,1,0
00595,595.jpg,6,4,2,0
00596,596.jpg,11,8,3,0
00597,597.jpg,8,7,1,0
00598,598.jpg,10,6,3,1
00599,599.jpg,9,9,0,0
00600,600.jpg,5,5,0,0
00601,601.jpg,6,5,1,0
00602,602.jpg,6,5,1,0
00603,603.jpg,5,5,0,0
00604,604.jpg,10,2,3,5
00605,605.jpg,9,6,2,1
00606,606.jpg,3,2,1,0
00607,607.jpg,7,3,3,1
00608,608.jpg,7,3,4,0
00609,609.jpg,12,10,2,0
00610,610.jpg,11,8,3,0
00611,611.jpg,12,8,3,1
00612,612.jpg,9,8,1,0
00613,613.jpg,11,10,1,0
00614,614.jpg,8,6,1,1
00615,615.jpg,14,5,5,4
00616,616.jpg,10,8,2,0
00617,617.jpg,10,9,1,0
00618,618.jpg,9,8,1,0
00619,619.jpg,8,6,2,0
00620,620.jpg,10,8,1,1
00621,621.jpg,12,9,3,0
00622,622.jpg,13,10,2,1
00623,623.jpg,9,8,1,0
00624,624.jpg,6,4,2,0
00625,625.jpg,6,4,2,0
00626,626.jpg,7,2,2,3
00627,627.jpg,10,8,2,0
00628,628.jpg,11,8,3,0
00629,629.jpg,11,7,3,1
00630,630.jpg,11,9,2,0
00631,631.jpg,11,9,2,0
00632,632.jpg,7,5,2,0
00633,633.jpg,10,8,2,0
00634,634.jpg,7,4,3,0
00635,635.jpg,11,8,3,0
00636,636.jpg,12,9,3,0
00637,637.jpg,8,5,3,0
00638,638.jpg,7,5,1,1
00639,639.jpg,12,7,4,1
00640,640.jpg,11,6,5,0
00641,641.jpg,9,3,6,0
00642,642.jpg,10,9,1,0
00643,643.jpg,9,7,2,0
00644,644.jpg,6,4,2,0
00645,645.jpg,7,6,1,0
00646,646.jpg,10,9,1,0
00647,647.jpg,10,9,1,0
00648,648.jpg,9,4,1,4
00649,649.jpg,14,13,1,0
00650,650.jpg,11,10,1,0
00651,651.jpg,12,9,3,0
00652,652.jpg,11,10,1,0
00653,653.jpg,11,9,2,0
00654,654.jpg,10,7,3,0
00655,655.jpg,8,5,2,1
00656,656.jpg,15,14,1,0
00657,657.jpg,9,8,1,0
00658,658.jpg,3,2,1,0
00659,659.jpg,11,5,3,3
00660,660.jpg,9,8,1,0
00661,661.jpg,10,7,3,0
00662,662.jpg,6,5,1,0
00663,663.jpg,7,5,1,1
00664,664.jpg,12,10,2,0
00665,665.jpg,9,8,1,0
00666,666.jpg,7,6,1,0
00667,667.jpg,3,2,1,0
00668,668.jpg,8,5,2,1
00669,669.jpg,10,9,1,0
00670,670.jpg,13,7,5,1
00671,671.jpg,15,13,2,0
00672,672.jpg,9,7,1,1
00673,673.jpg,8,7,1,0
00674,674.jpg,11,9,2,0
00675,675.jpg,13,10,1,2
00676,676.jpg,16,10,5,1
00677,677.jpg,15,9,4,2
00678,678.jpg,10,3,4,3
00679,679.jpg,9,1,5,3
00680,680.jpg,12,6,4,2
00681,681.jpg,12,6,5,1
00682,682.jpg,9,4,3,2
00683,683.jpg,8,3,4,1
00684,684.jpg,15,9,5,1
00685,685.jpg,12,7,4,1
00686,686.jpg,9,6,2,1
00687,687.jpg,2,1,1,0
00688,688.jpg,8,7,1,0
00689,689.jpg,3,2,0,1
00690,690.jpg,4,3,1,0
00691,691.jpg,5,5,0,0
00692,692.jpg,14,6,5,3
00693,693.jpg,9,5,4,0
00694,694.jpg,12,6,4,2
00695,695.jpg,13,5,6,2
00696,696.jpg,1,0,1,0
00697,697.jpg,9,5,3,1
00698,698.jpg,14,9,4,1
00699,699.jpg,5,2,3,0
00700,700.jpg,10,9,0,1
00701,701.jpg,5,3,1,1
00702,702.jpg,4,4,0,0
00703,703.jpg,14,4,5,5
00704,704.jpg,10,8,1,1
00705,705.jpg,11,4,5,2
00706,706.jpg,5,2,2,1
00707,707.jpg,11,9,2,0
00708,708.jpg,4,1,3,0
00709,709.jpg,13,5,8,0
00710,710.jpg,8,5,3,0
00711,711.jpg,8,6,1,1
00712,712.jpg,2,2,0,0
00713,713.jpg,6,4,1,1
00714,714.jpg,16,5,8,3
00715,715.jpg,5,2,3,0
00716,716.jpg,3,2,0,1
00717,717.jpg,3,3,0,0
00718,718.jpg,2,1,1,0
00719,719.jpg,9,5,3,1
00720,720.jpg,8,8,0,0
00721,721.jpg,7,6,1,0
00722,722.jpg,9,7,2,0
00723,723.jpg,9,7,2,0
00724,724.jpg,8,6,2,0
00725,725.jpg,10,5,2,3
00726,726.jpg,13,10,2,1
00727,727.jpg,3,2,1,0
00728,728.jpg,6,3,3,0
00729,729.jpg,9,5,4,0
00730,730.jpg,9,9,0,0
00731,731.jpg,5,5,0,0
00732,732.jpg,4,3,1,0
00733,733.jpg,11,10,1,0
00734,734.jpg,11,9,2,0
00735,735.jpg,3,2,1,0
00736,736.jpg,10,6,3,1
00737,737.jpg,5,5,0,0
00738,738.jpg,10,4,6,0
00739,739.jpg,9,8,1,0
00740,740.jpg,8,7,1,0
00741,741.jpg,9,7,2,0
00742,742.jpg,10,9,1,0
00743,743.jpg,11,10,1,0
00744,744.jpg,11,9,2,0
00745,745.jpg,6,3,2,1
00746,746.jpg,10,8,1,1
00747,747.jpg,15,5,7,3
00748,748.jpg,10,9,1,0
00749,749.jpg,7,4,3,0
00750,750.jpg,7,6,1,0
00751,751.jpg,8,7,1,0
00752,752.jpg,10,9,1,0
00753,753.jpg,12,10,2,0
00754,754.jpg,12,9,2,1
00755,755.jpg,7,5,2,0
00756,756.jpg,6,5,1,0
00757,757.jpg,8,4,3,1
00758,758.jpg,16,5,7,4
00759,759.jpg,8,5,3,0
00760,760.jpg,8,7,1,0
00761,761.jpg,7,6,1,0
00762,762.jpg,9,6,2,1
00763,763.jpg,10,6,3,1
00764,764.jpg,16,11,4,1
00765,765.jpg,10,8,2,0
00766,766.jpg,4,3,1,0
00767,767.jpg,15,8,6,1
00768,768.jpg,15,9,5,1
00769,769.jpg,11,5,4,2
00770,770.jpg,6,3,1,2
00771,771.jpg,4,3,1,0
00772,772.jpg,14,10,4,0
00773,773.jpg,10,6,4,0
00774,774.jpg,13,9,3,1
00775,775.jpg,8,7,1,0
00776,776.jpg,10,10,0,0
00777,777.jpg,12,11,1,0
00778,778.jpg,10,9,1,0
00779,779.jpg,5,3,1,1
00780,780.jpg,11,4,3,4
00781,781.jpg,10,9,1,0
00782,782.jpg,5,4,1,0
00783,783.jpg,11,6,4,1
00784,784.jpg,7,5,2,0
00785,785.jpg,7,5,1,1
00786,786.jpg,9,8,1,0
00787,787.jpg,6,4,2,0
00788,788.jpg,9,3,5,1
00789,789.jpg,10,9,1,0
00790,790.jpg,7,6,1,0
00791,791.jpg,8,3,3,2
00792,792.jpg,9,8,1,0
00793,793.jpg,11,7,4,0
00794,794.jpg,12,9,3,0
00795,795.jpg,11,9,2,0
00796,796.jpg,4,3,1,0
00797,797.jpg,10,8,2,0
00798,798.jpg,4,3,1,0
00799,799.jpg,10,8,2,0
00800,800.jpg,3,2,1,0
00801,801.jpg,9,6,3,0
00802,802.jpg,11,4,4,3
00803,803.jpg,8,4,4,0
00804,804.jpg,9,6,3,0
00805,805.jpg,9,8,1,0
00806,806.jpg,11,10,1,0
00807,807.jpg,8,4,3,1
00808,808.jpg,9,5,4,0
00809,809.jpg,11,9,2,0
00810,810.jpg,8,6,2,0
00811,811.jpg,9,8,1,0
00812,812.jpg,9,4,5,0
00813,813.jpg,7,1,2,4
00814,814.jpg,14,9,5,0
00815,815.jpg,7,4,3,0
00816,816.jpg,13,9,3,1
00817,817.jpg,12,3,7,2
00818,818.jpg,14,5,6,3
00819,819.jpg,10,5,5,0
00820,820.jpg,12,10,2,0
00821,821.jpg,9,7,2,0
00822,822.jpg,12,4,6,2
00823,823.jpg,10,7,1,2
00824,824.jpg,10,4,3,3
00825,825.jpg,6,1,5,0
00826,826.jpg,7,2,5,0
00827,827.jpg,11,4,7,0
00828,828.jpg,8,3,5,0
00829,829.jpg,7,4,3,0
00830,830.jpg,5,4,1,0
00831,831.jpg,7,3,4,0
00832,832.jpg,13,5,7,1
00833,833.jpg,10,4,5,1
00834,834.jpg,5,3,2,0
00835,835.jpg,12,7,4,1
00836,836.jpg,7,2,4,1
00837,837.jpg,8,3,4,1
00838,838.jpg,9,2,5,2
00839,839.jpg,13,11,2,0
00840,840.jpg,14,7,5,2
00841,841.jpg,13,4,8,1
00842,842.jpg,18,7,10,1
00843,843.jpg,12,5,6,1
00844,844.jpg,4,1,3,0
00845,845.jpg,12,9,2,1
00846,846.jpg,17,12,4,1
00847,847.jpg,8,1,5,2
00848,848.jpg,7,1,5,1
00849,849.jpg,8,4,3,1
00850,850.jpg,11,6,4,1
00851,851.jpg,11,3,7,1
00852,852.jpg,12,7,5,0
00853,853.jpg,12,11,1,0
00854,854.jpg,6,3,3,0
00855,855.jpg,16,11,5,0
00856,856.jpg,17,9,6,2
00857,857.jpg,14,7,6,1
00858,858.jpg,11,7,4,0
00859,859.jpg,8,4,4,0
00860,860.jpg,10,7,3,0
00861,861.jpg,11,7,4,0
00862,862.jpg,13,7,4,2
00863,863.jpg,12,10,2,0
00864,864.jpg,7,5,2,0
00865,865.jpg,15,9,6,0
00866,866.jpg,12,6,6,0
00867,867.jpg,13,8,5,0
00868,868.jpg,10,7,2,1
00869,869.jpg,10,9,1,0
00870,870.jpg,8,7,1,0
00871,871.jpg,7,4,3,0
00872,872.jpg,6,2,3,1
00873,873.jpg,10,7,3,0
00874,874.jpg,6,3,3,0
00875,875.jpg,10,6,3,1
00876,876.jpg,10,4,6,0
00877,877.jpg,13,6,6,1
00878,878.jpg,8,6,1,1
00879,879.jpg,15,10,5,0
00880,880.jpg,11,8,3,0
00881,881.jpg,9,3,5,1
00882,882.jpg,9,1,7,1
00883,883.jpg,6,5,1,0
00884,884.jpg,7,5,1,1
00885,885.jpg,9,0,7,2
00886,886.jpg,12,2,8,2
00887,887.jpg,8,1,5,2
00888,888.jpg,9,6,3,0
00889,889.jpg,6,3,3,0
00890,890.jpg,14,6,6,2
00891,891.jpg,14,8,6,0
00892,892.jpg,13,4,7,2
00893,893.jpg,10,7,3,0
00894,894.jpg,9,6,3,0
00895,895.jpg,6,3,3,0
00896,896.jpg,10,1,7,2
00897,897.jpg,8,4,4,0
00898,898.jpg,9,4,4,1
00899,899.jpg,12,4,7,1
00900,900.jpg,17,4,11,2
00901,901.jpg,14,6,7,1
00902,902.jpg,16,6,9,1
00903,903.jpg,13,8,4,1
00904,904.jpg,11,8,3,0
00905,905.jpg,8,4,3,1
00906,906.jpg,6,0,5,1
00907,907.jpg,14,8,6,0
00908,908.jpg,14,7,6,1
00909,909.jpg,14,7,7,0
00910,910.jpg,13,2,11,0
00911,911.jpg,19,6,12,1
00912,912.jpg,12,4,5,3
00913,913.jpg,18,8,8,2
00914,914.jpg,16,11,4,1
00915,915.jpg,17,10,6,1
00916,916.jpg,17,8,7,2
00917,917.jpg,14,7,5,2
00918,918.jpg,7,5,2,0
00919,919.jpg,7,4,2,1
00920,920.jpg,5,3,2,0
00921,921.jpg,12,8,3,1
00922,922.jpg,7,6,1,0
00923,923.jpg,14,9,4,1
00924,924.jpg,12,11,1,0
00925,925.jpg,10,8,2,0
00926,926.jpg,11,9,2,0
00927,927.jpg,11,7,4,0
00928,928.jpg,7,6,1,0
00929,929.jpg,8,6,2,0
00930,930.jpg,10,5,4,1
00931,931.jpg,15,8,6,1
00932,932.jpg,17,10,6,1
00933,933.jpg,4,2,2,0
00934,934.jpg,14,8,4,2
00935,935.jpg,7,3,4,0
00936,936.jpg,5,2,3,0
00937,937.jpg,6,5,1,0
00938,938.jpg,6,5,1,0
00939,939.jpg,9,5,4,0
00940,940.jpg,9,7,2,0
00941,941.jpg,11,9,2,0
00942,942.jpg,9,5,4,0
00943,943.jpg,15,12,3,0
00944,944.jpg,13,9,4,0
00945,945.jpg,15,5,7,3
00946,946.jpg,5,3,2,0
00947,947.jpg,16,12,4,0
00948,948.jpg,7,5,2,0
00949,949.jpg,8,6,2,0
00950,950.jpg,12,11,1,0
00951,951.jpg,12,11,1,0
00952,952.jpg,10,9,1,0
00953,953.jpg,10,9,1,0
00954,954.jpg,11,10,1,0
00955,955.jpg,7,6,1,0
00956,956.jpg,15,7,6,2
00957,957.jpg,7,6,1,0
00958,958.jpg,7,4,3,0
00959,959.jpg,14,11,2,1
00960,960.jpg,14,11,3,0
00961,961.jpg,11,10,1,0
00962,962.jpg,6,4,2,0
00963,963.jpg,6,4,2,0
00964,964.jpg,11,9,2,0
00965,965.jpg,17,14,3,0
00966,966.jpg,8,7,1,0
00967,967.jpg,16,11,4,1
00968,968.jpg,7,3,4,0
00969,969.jpg,16,12,4,0
00970,970.jpg,12,8,2,2
00971,971.jpg,5,4,1,0
00972,972.jpg,4,2,2,0
00973,973.jpg,6,4,2,0
00974,974.jpg,18,15,3,0
00975,975.jpg,10,8,2,0
00976,976.jpg,13,11,2,0
00977,977.jpg,16,13,3,0
00978,978.jpg,15,9,4,2
00979,979.jpg,14,10,3,1
00980,980.jpg,18,15,2,1
00981,981.jpg,9,6,3,0
00982,982.jpg,16,14,2,0
00983,983.jpg,11,9,2,0
00984,984.jpg,15,11,4,0
00985,985.jpg,16,7,6,3
00986,986.jpg,16,7,6,3
00987,987.jpg,13,3,8,2
00988,988.jpg,18,7,9,2
00989,989.jpg,15,9,4,2
00990,990.jpg,16,10,4,2
00991,991.jpg,11,8,2,1
00992,992.jpg,10,8,1,1
00993,993.jpg,17,12,3,2
00994,994.jpg,17,10,5,2
00995,995.jpg,17,8,6,3
00996,996.jpg,18,9,6,3
00997,997.jpg,14,10,0,4
00998,998.jpg,9,5,1,3
00999,999.jpg,7,2,2,3
01000,1000.jpg,9,2,3,4
01001,1001.jpg,8,5,3,0
01002,1002.jpg,10,4,4,2
01003,1003.jpg,9,3,3,3
01004,1004.jpg,8,2,4,2
01005,1005.jpg,8,3,2,3
01006,1006.jpg,12,9,1,2
01007,1007.jpg,8,4,2,2
01008,1008.jpg,11,7,2,2
01009,1009.jpg,19,9,7,3
01010,1010.jpg,13,7,4,2
01011,1011.jpg,11,7,2,2
01012,1012.jpg,6,2,1,3
01013,1013.jpg,12,6,3,3
01014,1014.jpg,15,8,3,4
01015,1015.jpg,16,11,4,1
01016,1016.jpg,13,10,2,1
01017,1017.jpg,9,2,4,3
01018,1018.jpg,11,2,5,4
01019,1019.jpg,12,3,5,4
01020,1020.jpg,8,4,1,3
01021,1021.jpg,5,3,1,1
01022,1022.jpg,7,4,2,1
01023,1023.jpg,7,5,1,1
01024,1024.jpg,12,6,3,3
01025,1025.jpg,7,4,2,1
01026,1026.jpg,15,7,7,1
01027,1027.jpg,14,8,4,2
01028,1028.jpg,11,5,4,2
01029,1029.jpg,13,9,1,3
01030,1030.jpg,14,10,1,3
01031,1031.jpg,7,3,1,3
01032,1032.jpg,14,7,3,4
01033,1033.jpg,11,8,1,2
01034,1034.jpg,15,7,4,4
01035,1035.jpg,11,6,3,2
01036,1036.jpg,15,7,5,3
01037,1037.jpg,11,4,3,4
01038,1038.jpg,13,8,3,2
01039,1039.jpg,12,6,3,3
01040,1040.jpg,12,4,4,4
01041,1041.jpg,14,7,5,2
01042,1042.jpg,10,4,5,1
01043,1043.jpg,15,5,6,4
01044,1044.jpg,16,5,7,4
01045,1045.jpg,15,3,7,5
01046,1046.jpg,7,4,2,1
01047,1047.jpg,6,2,1,3
01048,1048.jpg,12,8,2,2
01049,1049.jpg,11,6,2,3
01050,1050.jpg,17,13,2,2
01051,1051.jpg,11,6,2,3
01052,1052.jpg,5,3,0,2
01053,1053.jpg,10,6,1,3
01054,1054.jpg,9,7,0,2
01055,1055.jpg,13,7,2,4
01056,1056.jpg,12,6,3,3
01057,1057.jpg,14,8,4,2
01058,1058.jpg,9,1,5,3
01059,1059.jpg,12,9,2,1
01060,1060.jpg,5,2,1,2
01061,1061.jpg,12,5,3,4
01062,1062.jpg,16,6,4,6
01063,1063.jpg,16,8,4,4
01064,1064.jpg,12,3,3,6
01065,1065.jpg,12,7,1,4
01066,1066.jpg,12,6,2,4
01067,1067.jpg,7,2,2,3
01068,1068.jpg,9,4,3,2
01069,1069.jpg,9,5,3,1
01070,1070.jpg,14,4,6,4
01071,1071.jpg,10,4,4,2
01072,1072.jpg,10,4,4,2
01073,1073.jpg,8,6,1,1
01074,1074.jpg,11,6,2,3
01075,1075.jpg,16,13,0,3
01076,1076.jpg,10,6,1,3
01077,1077.jpg,7,3,3,1
01078,1078.jpg,6,1,4,1
01079,1079.jpg,5,1,3,1
01080,1080.jpg,12,9,0,3
01081,1081.jpg,10,2,6,2
01082,1082.jpg,12,5,6,1
01083,1083.jpg,11,5,5,1
01084,1084.jpg,10,7,2,1
01085,1085.jpg,10,5,4,1
01086,1086.jpg,10,2,6,2
01087,1087.jpg,8,1,6,1
01088,1088.jpg,7,2,4,1
01089,1089.jpg,10,3,6,1
01090,1090.jpg,12,4,6,2
01091,1091.jpg,5,3,0,2
01092,1092.jpg,13,6,5,2
01093,1093.jpg,6,0,4,2
01094,1094.jpg,10,5,2,3
01095,1095.jpg,9,3,2,4
01096,1096.jpg,13,3,6,4
01097,1097.jpg,4,0,3,1
01098,1098.jpg,7,2,4,1
01099,1099.jpg,11,4,3,4
01100,1100.jpg,6,0,3,3
01101,1101.jpg,10,2,4,4
01102,1102.jpg,9,5,2,2
01103,1103.jpg,4,2,1,1
01104,1104.jpg,11,7,3,1
01105,1105.jpg,9,7,0,2
01106,1106.jpg,9,6,1,2
01107,1107.jpg,10,7,1,2
01108,1108.jpg,9,7,2,0
01109,1109.jpg,6,4,2,0
01110,1110.jpg,11,7,3,1
01111,1111.jpg,7,5,1,1
01112,1112.jpg,6,5,1,0
01113,1113.jpg,6,3,1,2
01114,1114.jpg,5,4,1,0
01115,1115.jpg,3,2,1,0
01116,1116.jpg,3,1,1,1
01117,1117.jpg,7,6,0,1
01118,1118.jpg,4,3,0,1
01119,1119.jpg,3,2,1,0
01120,1120.jpg,7,6,1,0
01121,1121.jpg,7,5,2,0
01122,1122.jpg,6,5,1,0
01123,1123.jpg,6,5,1,0
01124,1124.jpg,10,7,2,1
01125,1125.jpg,8,4,4,0
01126,1126.jpg,7,5,1,1
01127,1127.jpg,7,6,1,0
01128,1128.jpg,2,0,2,0
01129,1129.jpg,5,2,3,0
01130,1130.jpg,10,3,5,2
01131,1131.jpg,10,6,4,0
01132,1132.jpg,5,3,1,1
01133,1133.jpg,7,6,1,0
01134,1134.jpg,7,6,1,0
01135,1135.jpg,8,4,2,2
01136,1136.jpg,6,3,3,0
01137,1137.jpg,4,3,1,0
01138,1138.jpg,3,0,3,0
01139,1139.jpg,3,2,1,0
01140,1140.jpg,6,5,1,0
01141,1141.jpg,6,4,2,0
01142,1142.jpg,4,1,3,0
01143,1143.jpg,4,1,2,1
01144,1144.jpg,4,3,1,0
01145,1145.jpg,3,0,3,0
01146,1146.jpg,17,11,4,2
01147,1147.jpg,4,1,2,1
01148,1148.jpg,5,0,2,3
01149,1149.jpg,5,2,3,0
01150,1150.jpg,3,1,2,0
01151,1151.jpg,2,1,0,1
01152,1152.jpg,5,2,2,1
01153,1153.jpg,8,6,2,0
01154,1154.jpg,5,0,5,0
01155,1155.jpg,4,0,3,1
01156,1156.jpg,4,3,1,0
01157,1157.jpg,16,8,5,3
01158,1158.jpg,1,0,1,0
01159,1159.jpg,2,0,1,1
01160,1160.jpg,6,4,2,0
01161,1161.jpg,5,3,2,0
01162,1162.jpg,8,6,2,0
01163,1163.jpg,8,7,1,0
01164,1164.jpg,6,2,3,1
01165,1165.jpg,9,6,2,1
01166,1166.jpg,11,7,3,1
01167,1167.jpg,4,3,1,0
01168,1168.jpg,15,6,6,3
01169,1169.jpg,7,4,3,0
01170,1170.jpg,6,3,3,0
01171,1171.jpg,12,8,3,1
01172,1172.jpg,9,6,2,1
01173,1173.jpg,9,5,4,0
01174,1174.jpg,7,2,5,0
01175,1175.jpg,7,4,3,0
01176,1176.jpg,5,3,2,0
01177,1177.jpg,4,3,1,0
01178,1178.jpg,4,3,1,0
01179,1179.jpg,9,6,2,1
01180,1180.jpg,5,3,2,0
01181,1181.jpg,2,1,1,0
01182,1182.jpg,6,3,3,0
01183,1183.jpg,6,2,3,1
01184,1184.jpg,8,4,3,1
01185,1185.jpg,7,3,4,0
01186,1186.jpg,9,6,2,1
01187,1187.jpg,5,4,1,0
01188,1188.jpg,8,6,2,0
01189,1189.jpg,3,2,1,0
01190,1190.jpg,5,5,0,0
01191,1191.jpg,2,1,1,0
01192,1192.jpg,7,4,3,0
01193,1193.jpg,7,3,4,0
01194,1194.jpg,4,1,3,0
01195,1195.jpg,4,0,4,0
01196,1196.jpg,4,2,1,1
01197,1197.jpg,8,7,1,0
01198,1198.jpg,6,5,1,0
01199,1199.jpg,8,7,1,0
01200,1200.jpg,4,0,3,1
01201,1201.jpg,4,4,0,0
01202,1202.jpg,1,0,1,0
01203,1203.jpg,6,4,1,1
01204,1204.jpg,3,0,2,1
01205,1205.jpg,7,4,2,1
01206,1206.jpg,6,3,2,1
01207,1207.jpg,2,1,0,1
01208,1208.jpg,6,5,0,1
01209,1209.jpg,8,7,0,1
01210,1210.jpg,10,8,1,1
01211,1211.jpg,7,3,3,1
01212,1212.jpg,10,8,2,0
01213,1213.jpg,7,3,4,0
01214,1214.jpg,9,6,3,0
01215,1215.jpg,12,5,5,2
01216,1216.jpg,11,9,2,0
01217,1217.jpg,3,2,0,1
01218,1218.jpg,7,4,1,2
01219,1219.jpg,10,7,0,3
01220,1220.jpg,6,3,1,2
01221,1221.jpg,6,4,1,1
01222,1222.jpg,10,8,1,1
01223,1223.jpg,9,5,3,1
01224,1224.jpg,10,7,2,1
01225,1225.jpg,9,6,2,1
01226,1226.jpg,8,3,4,1
01227,1227.jpg,5,3,1,1
01228,1228.jpg,8,5,1,2
01229,1229.jpg,8,4,3,1
01230,1230.jpg,5,3,1,1
01231,1231.jpg,3,1,1,1
01232,1232.jpg,5,1,3,1
01233,1233.jpg,7,1,5,1
01234,1234.jpg,8,8,0,0
01235,1235.jpg,10,4,4,2
01236,1236.jpg,8,3,3,2
01237,1237.jpg,8,4,3,1
01238,1238.jpg,5,1,3,1
01239,1239.jpg,7,2,3,2
01240,1240.jpg,9,1,3,5
01241,1241.jpg,6,2,3,1
01242,1242.jpg,7,4,2,1
01243,1243.jpg,6,3,1,2
01244,1244.jpg,6,0,3,3
01245,1245.jpg,6,6,0,0
01246,1246.jpg,6,2,2,2
01247,1247.jpg,4,3,0,1
01248,1248.jpg,9,7,1,1
01249,1249.jpg,12,9,2,1
01250,1250.jpg,8,8,0,0
01251,1251.jpg,10,6,3,1
01252,1252.jpg,12,5,4,3
01253,1253.jpg,9,2,4,3
01254,1254.jpg,8,3,5,0
01255,1255.jpg,5,2,2,1
01256,1256.jpg,9,6,2,1
01257,1257.jpg,10,3,5,2
01258,1258.jpg,8,5,1,2
01259,1259.jpg,9,4,4,1
01260,1260.jpg,5,2,3,0
01261,1261.jpg,8,3,4,1
01262,1262.jpg,10,6,4,0
01263,1263.jpg,7,3,3,1
01264,1264.jpg,6,2,1,3
01265,1265.jpg,4,1,1,2
01266,1266.jpg,6,2,3,1
01267,1267.jpg,7,4,2,1
01268,1268.jpg,5,3,1,1
01269,1269.jpg,5,2,2,1
01270,1270.jpg,2,1,1,0
01271,1271.jpg,8,5,1,2
01272,1272.jpg,10,6,2,2
01273,1273.jpg,10,5,2,3
01274,1274.jpg,9,4,3,2
01275,1275.jpg,7,2,3,2
01276,1276.jpg,8,5,1,2
01277,1277.jpg,7,1,4,2
01278,1278.jpg,8,6,2,0
01279,1279.jpg,10,7,2,1
01280,1280.jpg,6,4,1,1
01281,1281.jpg,8,3,3,2
01282,1282.jpg,11,2,6,3
01283,1283.jpg,10,3,5,2
01284,1284.jpg,9,4,3,2
01285,1285.jpg,12,8,3,1
01286,1286.jpg,15,8,4,3
01287,1287.jpg,12,4,6,2
01288,1288.jpg,11,7,1,3
01289,1289.jpg,9,6,1,2
01290,1290.jpg,5,3,0,2
01291,1291.jpg,11,9,1,1
01292,1292.jpg,12,4,4,4
01293,1293.jpg,8,3,3,2
01294,1294.jpg,12,8,3,1
01295,1295.jpg,12,8,2,2
01296,1296.jpg,12,7,2,3
01297,1297.jpg,10,2,4,4
01298,1298.jpg,15,10,4,1
01299,1299.jpg,11,7,2,2
01300,1300.jpg,9,8,0,1
01301,1301.jpg,17,10,4,3
01302,1302.jpg,12,6,4,2
01303,1303.jpg,10,6,3,1
01304,1304.jpg,10,5,3,2
01305,1305.jpg,7,4,1,2
01306,1306.jpg,7,3,3,1
01307,1307.jpg,9,1,4,4
01308,1308.jpg,7,4,0,3
01309,1309.jpg,8,5,3,0
01310,1310.jpg,13,8,4,1
01311,1311.jpg,9,5,1,3
01312,1312.jpg,11,5,5,1
01313,1313.jpg,8,4,4,0
01314,1314.jpg,11,8,2,1
01315,1315.jpg,10,8,2,0
01316,1316.jpg,10,7,3,0
01317,1317.jpg,6,3,2,1
01318,1318.jpg,7,7,0,0
01319,1319.jpg,5,4,1,0
01320,1320.jpg,10,6,2,2
01321,1321.jpg,9,5,3,1
01322,1322.jpg,11,9,1,1
01323,1323.jpg,7,5,1,1
01324,1324.jpg,7,6,1,0
01325,1325.jpg,8,5,2,1
01326,1326.jpg,10,3,6,1
01327,1327.jpg,13,4,8,1
01328,1328.jpg,10,5,5,0
01329,1329.jpg,12,6,5,1
01330,1330.jpg,14,7,6,1
01331,1331.jpg,9,1,6,2
01332,1332.jpg,10,4,3,3
01333,1333.jpg,8,7,0,1
01334,1334.jpg,8,4,3,1
01335,1335.jpg,11,5,5,1
01336,1336.jpg,9,4,3,2
01337,1337.jpg,13,6,4,3
01338,1338.jpg,9,6,2,1
01339,1339.jpg,10,7,0,3
01340,1340.jpg,13,10,1,2
01341,1341.jpg,11,7,2,2
01342,1342.jpg,11,7,2,2
01343,1343.jpg,13,9,3,1
01344,1344.jpg,8,7,1,0
01345,1345.jpg,16,11,4,1
01346,1346.jpg,9,5,3,1
01347,1347.jpg,12,6,4,2
01348,1348.jpg,10,6,3,1
01349,1349.jpg,15,10,4,1
01350,1350.jpg,14,8,5,1
01351,1351.jpg,14,6,6,2
01352,1352.jpg,10,5,3,2
01353,1353.jpg,9,4,2,3
01354,1354.jpg,11,4,3,4
01355,1355.jpg,11,10,0,1
01356,1356.jpg,14,3,6,5
01357,1357.jpg,15,8,3,4
01358,1358.jpg,12,6,4,2
01359,1359.jpg,11,2,5,4
01360,1360.jpg,8,3,3,2
01361,1361.jpg,12,4,4,4
01362,1362.jpg,12,6,5,1
01363,1363.jpg,8,2,3,3
01364,1364.jpg,7,2,2,3
01365,1365.jpg,11,4,4,3
01366,1366.jpg,10,10,0,0
01367,1367.jpg,12,7,1,4
01368,1368.jpg,9,4,2,3
01369,1369.jpg,9,3,2,4
01370,1370.jpg,7,2,2,3
01371,1371.jpg,9,3,3,3
01372,1372.jpg,8,3,3,2
01373,1373.jpg,8,1,5,2
01374,1374.jpg,11,3,5,3
01375,1375.jpg,11,1,7,3
01376,1376.jpg,14,7,6,1
01377,1377.jpg,13,11,0,2
01378,1378.jpg,13,5,7,1
01379,1379.jpg,14,8,5,1
01380,1380.jpg,13,3,9,1
01381,1381.jpg,14,7,5,2
01382,1382.jpg,13,6,3,4
01383,1383.jpg,11,7,1,3
01384,1384.jpg,9,6,1,2
01385,1385.jpg,10,9,0,1
01386,1386.jpg,11,6,4,1
01387,1387.jpg,8,3,3,2
01388,1388.jpg,10,6,2,2
01389,1389.jpg,5,4,0,1
01390,1390.jpg,6,4,1,1
01391,1391.jpg,11,9,0,2
01392,1392.jpg,12,9,2,1
01393,1393.jpg,4,2,1,1
01394,1394.jpg,11,5,3,3
01395,1395.jpg,13,5,4,4
01396,1396.jpg,14,8,2,4
01397,1397.jpg,12,7,1,4
01398,1398.jpg,13,6,3,4
01399,1399.jpg,12,4,3,5
01400,1400.jpg,17,6,6,5
01401,1401.jpg,20,7,8,5
01402,1402.jpg,14,9,3,2
01403,1403.jpg,10,3,4,3
01404,1404.jpg,12,6,4,2
01405,1405.jpg,8,1,4,3
01406,1406.jpg,12,8,2,2
01407,1407.jpg,12,3,4,5
01408,1408.jpg,13,5,4,4
01409,1409.jpg,10,2,4,4
01410,1410.jpg,9,2,2,5
01411,1411.jpg,9,2,4,3
01412,1412.jpg,5,1,1,3
01413,1413.jpg,6,1,2,3
01414,1414.jpg,9,1,5,3
01415,1415.jpg,7,0,5,2
01416,1416.jpg,8,1,3,4
01417,1417.jpg,9,4,1,4
01418,1418.jpg,9,3,5,1
01419,1419.jpg,13,2,7,4
01420,1420.jpg,12,2,8,2
01421,1421.jpg,10,7,2,1
01422,1422.jpg,12,5,5,2
01423,1423.jpg,11,5,5,1
01424,1424.jpg,13,5,5,3
01425,1425.jpg,16,8,7,1
01426,1426.jpg,8,4,3,1
01427,1427.jpg,10,3,4,3
01428,1428.jpg,12,7,2,3
01429,1429.jpg,14,3,10,1
01430,1430.jpg,15,8,7,0
01431,1431.jpg,7,2,4,1
01432,1432.jpg,7,5,1,1
01433,1433.jpg,8,2,4,2
01434,1434.jpg,9,3,3,3
01435,1435.jpg,9,4,1,4
01436,1436.jpg,4,0,2,2
01437,1437.jpg,13,6,5,2
01438,1438.jpg,7,0,4,3
01439,1439.jpg,9,3,3,3
01440,1440.jpg,12,7,3,2
01441,1441.jpg,7,1,4,2
01442,1442.jpg,14,6,3,5
01443,1443.jpg,10,4,3,3
01444,1444.jpg,9,1,3,5
01445,1445.jpg,11,3,4,4
01446,1446.jpg,18,11,4,3
01447,1447.jpg,14,4,4,6
01448,1448.jpg,15,3,6,6
01449,1449.jpg,19,5,8,6
01450,1450.jpg,14,5,5,4
01451,1451.jpg,13,6,2,5
01452,1452.jpg,13,8,3,2
01453,1453.jpg,11,4,3,4
01454,1454.jpg,14,6,5,3
01455,1455.jpg,9,4,0,5
01456,1456.jpg,14,10,4,0
01457,1457.jpg,11,5,3,3
01458,1458.jpg,10,2,3,5
01459,1459.jpg,14,5,5,4
01460,1460.jpg,7,2,2,3
01461,1461.jpg,8,5,3,0
01462,1462.jpg,9,4,1,4
01463,1463.jpg,11,5,3,3
01464,1464.jpg,13,7,5,1
01465,1465.jpg,15,9,5,1
01466,1466.jpg,12,6,5,1
01467,1467.jpg,14,6,5,3
01468,1468.jpg,14,4,5,5
01469,1469.jpg,16,5,8,3
01470,1470.jpg,10,5,2,3
01471,1471.jpg,10,6,3,1
01472,1472.jpg,15,5,7,3
01473,1473.jpg,16,5,7,4
01474,1474.jpg,11,5,4,2
01475,1475.jpg,11,4,3,4
01476,1476.jpg,12,7,2,3
01477,1477.jpg,8,3,3,2
01478,1478.jpg,11,4,4,3
01479,1479.jpg,7,1,2,4
01480,1480.jpg,10,4,3,3
01481,1481.jpg,12,7,4,1
01482,1482.jpg,17,12,4,1
01483,1483.jpg,14,7,6,1
01484,1484.jpg,10,7,2,1
01485,1485.jpg,15,10,5,0
01486,1486.jpg,14,6,6,2
01487,1487.jpg,11,5,3,3
01488,1488.jpg,14,6,7,1
01489,1489.jpg,12,4,5,3
01490,1490.jpg,14,9,4,1
01491,1491.jpg,14,8,4,2
01492,1492.jpg,15,5,7,3
01493,1493.jpg,15,7,6,2
01494,1494.jpg,16,11,4,1
01495,1495.jpg,15,9,4,2
01496,1496.jpg,16,7,6,3
01497,1497.jpg,16,7,6,3
01498,1498.jpg,13,6,4,3
01499,1499.jpg,13,3,8,2
01500,1500.jpg,18,7,9,2
01501,1501.jpg,15,9,4,2
01502,1502.jpg,16,10,4,2
01503,1503.jpg,11,8,2,1
01504,1504.jpg,10,8,1,1
01505,1505.jpg,17,12,3,2
01506,1506.jpg,17,10,5,2
01507,1507.jpg,17,8,6,3
01508,1508.jpg,18,9,6,3
01509,1509.jpg,17,8,5,4
01510,1510.jpg,14,10,0,4
01511,1511.jpg,9,5,1,3
01512,1512.jpg,7,2,2,3
01513,1513.jpg,9,2,3,4
01514,1514.jpg,8,5,3,0
01515,1515.jpg,10,4,4,2
01516,1516.jpg,9,3,3,3
01517,1517.jpg,8,2,4,2
01518,1518.jpg,8,3,2,3
01519,1519.jpg,12,9,1,2
01520,1520.jpg,14,8,4,2
01521,1521.jpg,8,4,2,2
01522,1522.jpg,11,7,2,2
01523,1523.jpg,19,9,7,3
01524,1524.jpg,13,7,4,2
01525,1525.jpg,11,7,2,2
01526,1526.jpg,6,2,1,3
01527,1527.jpg,12,6,3,3
01528,1528.jpg,15,8,3,4
01529,1529.jpg,16,11,4,1
01530,1530.jpg,13,10,2,1
01531,1531.jpg,14,10,2,2
01532,1532.jpg,9,2,4,3
01533,1533.jpg,11,2,5,4
01534,1534.jpg,12,3,5,4
01535,1535.jpg,8,4,1,3
01536,1536.jpg,5,3,1,1
01537,1537.jpg,7,4,2,1
01538,1538.jpg,7,5,1,1
01539,1539.jpg,12,6,3,3
01540,1540.jpg,7,4,2,1
01541,1541.jpg,15,7,7,1
01542,1542.jpg,5,2,1,2
01543,1543.jpg,14,8,4,2
01544,1544.jpg,11,5,4,2
01545,1545.jpg,13,9,1,3
01546,1546.jpg,14,10,1,3
01547,1547.jpg,7,3,1,3
01548,1548.jpg,14,7,3,4
01549,1549.jpg,11,8,1,2
01550,1550.jpg,15,7,4,4
01551,1551.jpg,11,6,3,2
01552,1552.jpg,15,7,5,3
01553,1553.jpg,10,7,1,2
01554,1554.jpg,11,4,3,4
01555,1555.jpg,13,8,3,2
01556,1556.jpg,12,6,3,3
01557,1557.jpg,12,4,4,4
01558,1558.jpg,14,7,5,2
01559,1559.jpg,10,4,5,1
01560,1560.jpg,15,5,6,4
01561,1561.jpg,16,5,7,4
01562,1562.jpg,15,3,7,5
01563,1563.jpg,7,4,2,1
01564,1564.jpg,14,7,4,3
01565,1565.jpg,6,2,1,3
01566,1566.jpg,12,8,2,2
01567,1567.jpg,11,6,2,3
01568,1568.jpg,17,13,2,2
01569,1569.jpg,11,6,2,3
01570,1570.jpg,5,3,0,2
01571,1571.jpg,10,6,1,3
01572,1572.jpg,9,7,0,2
01573,1573.jpg,13,7,2,4
01574,1574.jpg,12,6,3,3
01575,1575.jpg,15,10,2,3
01576,1576.jpg,14,8,4,2
01577,1577.jpg,9,1,5,3
01578,1578.jpg,12,9,2,1
01579,1579.jpg,5,2,1,2
01580,1580.jpg,12,5,3,4
01581,1581.jpg,16,6,4,6
01582,1582.jpg,16,8,4,4
01583,1583.jpg,12,3,3,6
01584,1584.jpg,12,7,1,4
01585,1585.jpg,12,6,2,4
01586,1586.jpg,12,8,1,3
01587,1587.jpg,7,2,2,3
01588,1588.jpg,9,4,3,2
01589,1589.jpg,9,5,3,1
01590,1590.jpg,14,4,6,4
01591,1591.jpg,10,4,4,2
01592,1592.jpg,10,4,4,2
01593,1593.jpg,8,6,1,1
01594,1594.jpg,11,6,2,3
01595,1595.jpg,16,13,0,3
01596,1596.jpg,10,6,1,3
01597,1597.jpg,17,10,4,3
01598,1598.jpg,12,9,0,3
01599,1599.jpg,5,3,0,2
01600,1600.jpg,9,5,2,2
01601,1601.jpg,6,3,1,2
01602,1602.jpg,10,7,2,1
01603,1603.jpg,8,4,2,2
01604,1604.jpg,17,11,4,2
01605,1605.jpg,16,8,5,3
01606,1606.jpg,15,6,6,3
01607,1607.jpg,9,6,2,1
01608,1608.jpg,14,8,3,3
01609,1609.jpg,5,5,0,0
01610,1610.jpg,4,4,0,0
01611,1611.jpg,10,8,2,0
01612,1612.jpg,9,5,3,1
01613,1613.jpg,8,8,0,0
01614,1614.jpg,6,6,0,0
01615,1615.jpg,9,6,2,1
01616,1616.jpg,7,4,2,1
01617,1617.jpg,8,6,2,0
01618,1618.jpg,9,6,1,2
01619,1619.jpg,12,6,4,2
01620,1620.jpg,9,8,0,1
01621,1621.jpg,9,5,1,3
01622,1622.jpg,11,9,1,1
01623,1623.jpg,8,7,0,1
01624,1624.jpg,8,7,1,0
01625,1625.jpg,11,10,0,1
01626,1626.jpg,10,10,0,0
01627,1627.jpg,13,11,0,2
01628,1628.jpg,10,6,2,2
01629,1629.jpg,12,4,3,5
01630,1630.jpg,19,11,4,4
01631,1631.jpg,9,2,2,5
01632,1632.jpg,10,7,2,1
01633,1633.jpg,7,5,1,1
01634,1634.jpg,10,4,3,3
01635,1635.jpg,14,6,5,3
01636,1636.jpg,15,9,5,1
01637,1637.jpg,12,7,2,3
01638,1638.jpg,11,5,3,3
01639,1639.jpg,13,6,4,3
01640,1640.jpg,17,8,5,4
01641,1641.jpg,15,8,5,2
01642,1642.jpg,14,8,4,2
01643,1643.jpg,14,10,2,2
01644,1644.jpg,5,2,1,2
01645,1645.jpg,10,7,1,2
01646,1646.jpg,14,7,4,3
01647,1647.jpg,15,10,2,3
01648,1648.jpg,12,8,1,3
01649,1649.jpg,17,10,4,3
01650,1650.jpg,14,8,3,3
01651,1651.jpg,12,6,4,2
01652,1652.jpg,16,6,4,6
01653,1653.jpg,19,11,4,4
01654,1654.jpg,15,8,5,2
01655,1655.jpg,16,6,4,6
01656,1656.jpg,13,3,5,5
01657,1657.jpg,10,3,4,3
01658,1658.jpg,12,6,4,2
01659,1659.jpg,21,16,3,2
01660,1660.jpg,15,7,6,2
01661,1661.jpg,15,8,6,1
01662,1662.jpg,13,6,6,1
01663,1663.jpg,13,3,5,5
01664,1664.jpg,17,8,7,2
01665,1665.jpg,13,4,7,2
01666,1666.jpg,16,5,9,2
01667,1667.jpg,19,9,8,2
01668,1668.jpg,16,7,5,4
01669,1669.jpg,22,12,7,3
01670,1670.jpg,19,10,8,1
01671,1671.jpg,18,13,4,1
01672,1672.jpg,19,9,9,1
01673,1673.jpg,14,4,8,2
01674,1674.jpg,10,3,4,3
01675,1675.jpg,19,10,8,1
01676,1676.jpg,21,13,6,2
01677,1677.jpg,18,9,7,2
01678,1678.jpg,23,14,7,2
01679,1679.jpg,10,3,6,1
01680,1680.jpg,10,4,4,2
01681,1681.jpg,9,3,5,1
01682,1682.jpg,15,9,5,1
01683,1683.jpg,17,6,10,1
01684,1684.jpg,19,9,9,1
01685,1685.jpg,12,6,4,2
01686,1686.jpg,20,5,9,6
01687,1687.jpg,18,8,7,3
01688,1688.jpg,15,7,5,3
01689,1689.jpg,17,4,8,5
01690,1690.jpg,17,5,6,6
01691,1691.jpg,14,4,6,4
01692,1692.jpg,15,5,7,3
01693,1693.jpg,20,10,7,3
01694,1694.jpg,16,6,5,5
01695,1695.jpg,13,3,5,5
01696,1696.jpg,21,16,3,2
01697,1697.jpg,14,5,5,4
01698,1698.jpg,17,8,6,3
01699,1699.jpg,18,7,8,3
01700,1700.jpg,19,8,7,4
01701,1701.jpg,19,10,4,5
01702,1702.jpg,15,7,4,4
01703,1703.jpg,6,2,3,1
01704,1704.jpg,11,7,2,2
01705,1705.jpg,16,13,2,1
01706,1706.jpg,10,3,3,4
01707,1707.jpg,15,7,6,2
01708,1708.jpg,12,5,3,4
01709,1709.jpg,19,12,4,3
01710,1710.jpg,13,5,5,3
01711,1711.jpg,8,3,2,3
01712,1712.jpg,13,9,2,2
01713,1713.jpg,12,8,2,2
01714,1714.jpg,14,7,5,2
01715,1715.jpg,8,6,0,2
01716,1716.jpg,9,4,2,3
01717,1717.jpg,12,4,4,4
01718,1718.jpg,15,8,6,1
01719,1719.jpg,11,2,5,4
01720,1720.jpg,15,8,4,3
01721,1721.jpg,13,8,2,3
01722,1722.jpg,8,4,2,2
01723,1723.jpg,8,4,3,1
01724,1724.jpg,11,6,3,2
01725,1725.jpg,9,5,3,1
01726,1726.jpg,14,9,1,4
01727,1727.jpg,10,3,2,5
01728,1728.jpg,12,5,2,5
01729,1729.jpg,13,6,6,1
01730,1730.jpg,15,4,5,6
01731,1731.jpg,5,3,1,1
01732,1732.jpg,11,6,2,3
01733,1733.jpg,5,1,0,4
01734,1734.jpg,8,1,3,4
01735,1735.jpg,10,3,4,3
01736,1736.jpg,19,12,4,3
01737,1737.jpg,12,6,2,4
01738,1738.jpg,12,4,4,4
01739,1739.jpg,8,5,0,3
01740,1740.jpg,17,8,7,2
01741,1741.jpg,14,12,2,0
01742,1742.jpg,13,10,2,1
01743,1743.jpg,7,5,1,1
01744,1744.jpg,7,4,1,2
01745,1745.jpg,5,4,1,0
01746,1746.jpg,7,6,1,0
01747,1747.jpg,5,3,2,0
01748,1748.jpg,12,3,8,1
01749,1749.jpg,9,5,2,2
01750,1750.jpg,8,3,2,3
01751,1751.jpg,13,4,7,2
01752,1752.jpg,3,0,1,2
01753,1753.jpg,4,0,2,2
01754,1754.jpg,7,3,3,1
01755,1755.jpg,9,5,2,2
01756,1756.jpg,10,6,1,3
01757,1757.jpg,10,5,2,3
01758,1758.jpg,9,3,3,3
01759,1759.jpg,11,5,3,3
01760,1760.jpg,11,8,2,1
01761,1761.jpg,7,2,4,1
01762,1762.jpg,16,5,9,2
01763,1763.jpg,10,3,5,2
01764,1764.jpg,11,2,6,3
01765,1765.jpg,5,2,2,1
01766,1766.jpg,7,5,1,1
01767,1767.jpg,10,8,1,1
01768,1768.jpg,6,2,3,1
01769,1769.jpg,5,5,0,0
01770,1770.jpg,5,3,1,1
01771,1771.jpg,8,7,1,0
01772,1772.jpg,9,4,4,1
01773,1773.jpg,19,9,8,2
01774,1774.jpg,7,5,1,1
01775,1775.jpg,7,6,0,1
01776,1776.jpg,6,4,1,1
01777,1777.jpg,7,6,1,0
01778,1778.jpg,5,3,0,2
01779,1779.jpg,10,9,1,0
01780,1780.jpg,8,8,0,0
01781,1781.jpg,6,4,2,0
01782,1782.jpg,5,5,0,0
01783,1783.jpg,3,3,0,0
01784,1784.jpg,16,7,5,4
01785,1785.jpg,4,2,1,1
01786,1786.jpg,5,5,0,0
01787,1787.jpg,10,7,2,1
01788,1788.jpg,2,2,0,0
01789,1789.jpg,10,8,1,1
01790,1790.jpg,8,6,1,1
01791,1791.jpg,9,3,3,3
01792,1792.jpg,6,2,1,3
01793,1793.jpg,8,5,0,3
01794,1794.jpg,11,8,1,2
01795,1795.jpg,22,12,7,3
01796,1796.jpg,5,2,2,1
01797,1797.jpg,6,3,0,3
01798,1798.jpg,12,9,1,2
01799,1799.jpg,4,4,0,0
01800,1800.jpg,5,5,0,0
01801,1801.jpg,11,3,4,4
01802,1802.jpg,10,2,4,4
01803,1803.jpg,5,3,1,1
01804,1804.jpg,13,5,5,3
01805,1805.jpg,10,2,4,4
01806,1806.jpg,19,10,8,1
01807,1807.jpg,7,0,3,4
01808,1808.jpg,8,2,2,4
01809,1809.jpg,13,7,3,3
01810,1810.jpg,4,2,0,2
01811,1811.jpg,8,5,0,3
01812,1812.jpg,8,1,3,4
01813,1813.jpg,13,6,4,3
01814,1814.jpg,10,7,1,2
01815,1815.jpg,16,4,8,4
01816,1816.jpg,13,2,8,3
01817,1817.jpg,18,13,4,1
01818,1818.jpg,11,6,4,1
01819,1819.jpg,11,5,2,4
01820,1820.jpg,13,10,2,1
01821,1821.jpg,8,3,4,1
01822,1822.jpg,12,7,3,2
01823,1823.jpg,10,6,2,2
01824,1824.jpg,11,4,4,3
01825,1825.jpg,14,8,4,2
01826,1826.jpg,10,2,6,2
01827,1827.jpg,14,6,6,2
01828,1828.jpg,19,9,9,1
01829,1829.jpg,11,4,4,3
01830,1830.jpg,12,4,6,2
01831,1831.jpg,17,7,7,3
01832,1832.jpg,16,8,6,2
01833,1833.jpg,14,8,5,1
01834,1834.jpg,10,8,2,0
01835,1835.jpg,9,6,1,2
01836,1836.jpg,7,0,3,4
01837,1837.jpg,17,10,4,3
01838,1838.jpg,13,5,5,3
01839,1839.jpg,14,4,8,2
01840,1840.jpg,12,5,4,3
01841,1841.jpg,14,7,3,4
01842,1842.jpg,16,10,2,4
01843,1843.jpg,14,10,3,1
01844,1844.jpg,15,14,0,1
01845,1845.jpg,13,11,0,2
01846,1846.jpg,8,7,0,1
01847,1847.jpg,14,11,1,2
01848,1848.jpg,12,10,2,0
01849,1849.jpg,9,9,0,0
01850,1850.jpg,19,10,8,1
01851,1851.jpg,11,9,2,0
01852,1852.jpg,13,10,1,2
01853,1853.jpg,10,8,1,1
01854,1854.jpg,5,3,0,2
01855,1855.jpg,9,5,2,2
01856,1856.jpg,11,5,4,2
01857,1857.jpg,7,2,1,4
01858,1858.jpg,13,8,4,1
01859,1859.jpg,9,8,1,0
01860,1860.jpg,8,8,0,0
01861,1861.jpg,21,13,6,2
01862,1862.jpg,5,1,2,2
01863,1863.jpg,8,8,0,0
01864,1864.jpg,16,11,4,1
01865,1865.jpg,8,5,2,1
01866,1866.jpg,10,6,1,3
01867,1867.jpg,6,3,0,3
01868,1868.jpg,10,6,1,3
01869,1869.jpg,9,4,2,3
01870,1870.jpg,11,3,4,4
01871,1871.jpg,13,4,4,5
01872,1872.jpg,18,9,7,2
01873,1873.jpg,15,7,4,4
01874,1874.jpg,11,4,5,2
01875,1875.jpg,11,6,2,3
01876,1876.jpg,12,6,3,3
01877,1877.jpg,8,3,2,3
01878,1878.jpg,8,4,2,2
01879,1879.jpg,6,3,1,2
01880,1880.jpg,7,3,2,2
01881,1881.jpg,9,5,2,2
01882,1882.jpg,10,5,3,2
01883,1883.jpg,23,14,7,2
01884,1884.jpg,6,4,1,1
01885,1885.jpg,6,5,0,1
01886,1886.jpg,12,9,1,2
01887,1887.jpg,13,6,3,4
01888,1888.jpg,14,7,4,3
01889,1889.jpg,8,6,0,2
01890,1890.jpg,4,1,1,2
01891,1891.jpg,7,3,2,2
01892,1892.jpg,13,8,3,2
01893,1893.jpg,10,8,0,2
01894,1894.jpg,10,3,6,1
01895,1895.jpg,8,7,1,0
01896,1896.jpg,9,7,2,0
01897,1897.jpg,7,3,2,2
01898,1898.jpg,11,9,0,2
01899,1899.jpg,8,8,0,0
01900,1900.jpg,3,3,0,0
01901,1901.jpg,8,4,2,2
01902,1902.jpg,9,9,0,0
01903,1903.jpg,8,5,2,1
01904,1904.jpg,5,5,0,0
01905,1905.jpg,10,4,4,2
01906,1906.jpg,9,8,0,1
01907,1907.jpg,9,7,1,1
01908,1908.jpg,7,6,1,0
01909,1909.jpg,5,5,0,0
01910,1910.jpg,6,6,0,0
01911,1911.jpg,12,6,3,3
01912,1912.jpg,12,7,2,3
01913,1913.jpg,9,6,2,1
01914,1914.jpg,9,9,0,0
01915,1915.jpg,7,3,2,2
01916,1916.jpg,9,3,5,1
01917,1917.jpg,8,8,0,0
01918,1918.jpg,8,8,0,0
01919,1919.jpg,6,6,0,0
01920,1920.jpg,11,6,4,1
01921,1921.jpg,15,10,4,1
01922,1922.jpg,10,9,0,1
01923,1923.jpg,14,12,2,0
01924,1924.jpg,9,5,2,2
01925,1925.jpg,12,5,6,1
01926,1926.jpg,11,7,2,2
01927,1927.jpg,15,9,5,1
01928,1928.jpg,14,10,2,2
01929,1929.jpg,13,10,1,2
01930,1930.jpg,10,6,2,2
01931,1931.jpg,10,7,1,2
01932,1932.jpg,8,7,1,0
01933,1933.jpg,8,6,1,1
01934,1934.jpg,14,10,2,2
01935,1935.jpg,11,10,1,0
01936,1936.jpg,13,12,0,1
01937,1937.jpg,9,9,0,0
01938,1938.jpg,17,6,10,1
01939,1939.jpg,8,7,1,0
01940,1940.jpg,9,7,1,1
01941,1941.jpg,14,10,3,1
01942,1942.jpg,15,9,2,4
01943,1943.jpg,16,15,0,1
01944,1944.jpg,13,10,2,1
01945,1945.jpg,12,10,1,1
01946,1946.jpg,12,10,2,0
01947,1947.jpg,10,7,2,1
01948,1948.jpg,18,16,2,0
01949,1949.jpg,19,9,9,1
01950,1950.jpg,16,11,3,2
01951,1951.jpg,11,6,3,2
01952,1952.jpg,11,11,0,0
01953,1953.jpg,15,14,1,0
01954,1954.jpg,12,6,5,1
01955,1955.jpg,16,12,4,0
01956,1956.jpg,7,6,1,0
01957,1957.jpg,12,11,1,0
01958,1958.jpg,6,5,1,0
01959,1959.jpg,8,5,1,2
01960,1960.jpg,20,5,9,6
01961,1961.jpg,11,6,1,4
01962,1962.jpg,15,12,1,2
01963,1963.jpg,8,5,2,1
01964,1964.jpg,10,8,1,1
01965,1965.jpg,10,8,1,1
01966,1966.jpg,15,10,2,3
01967,1967.jpg,6,6,0,0
01968,1968.jpg,8,8,0,0
01969,1969.jpg,4,3,0,1
01970,1970.jpg,9,8,1,0
01971,1971.jpg,18,8,7,3
01972,1972.jpg,10,10,0,0
01973,1973.jpg,6,5,0,1
01974,1974.jpg,13,7,4,2
01975,1975.jpg,6,4,0,2
01976,1976.jpg,10,7,2,1
01977,1977.jpg,12,3,3,6
01978,1978.jpg,14,8,2,4
01979,1979.jpg,13,4,4,5
01980,1980.jpg,10,4,2,4
01981,1981.jpg,9,4,2,3
01982,1982.jpg,15,7,5,3
01983,1983.jpg,9,4,2,3
01984,1984.jpg,10,6,2,2
01985,1985.jpg,10,4,3,3
01986,1986.jpg,14,10,2,2
01987,1987.jpg,12,9,1,2
01988,1988.jpg,13,10,1,2
01989,1989.jpg,15,8,5,2
01990,1990.jpg,14,6,5,3
01991,1991.jpg,18,13,4,1
01992,1992.jpg,12,7,3,2
01993,1993.jpg,17,4,8,5
01994,1994.jpg,14,6,4,4
01995,1995.jpg,11,4,4,3
01996,1996.jpg,13,8,2,3
01997,1997.jpg,6,2,2,2
01998,1998.jpg,10,5,3,2
01999,1999.jpg,9,4,2,3
02000,2000.jpg,13,9,3,1
02001,2001.jpg,12,4,5,3
02002,2002.jpg,12,7,2,3
02003,2003.jpg,8,3,1,4
02004,2004.jpg,17,5,6,6
02005,2005.jpg,13,6,3,4
02006,2006.jpg,11,4,4,3
02007,2007.jpg,15,10,2,3
02008,2008.jpg,12,5,4,3
02009,2009.jpg,10,1,5,4
02010,2010.jpg,10,2,5,3
02011,2011.jpg,11,6,3,2
02012,2012.jpg,17,11,5,1
02013,2013.jpg,16,9,6,1
02014,2014.jpg,12,4,6,2
02015,2015.jpg,14,4,6,4
02016,2016.jpg,10,7,0,3
02017,2017.jpg,12,8,0,4
02018,2018.jpg,13,7,1,5
02019,2019.jpg,12,8,0,4
02020,2020.jpg,13,5,5,3
02021,2021.jpg,15,8,4,3
02022,2022.jpg,17,10,4,3
02023,2023.jpg,10,4,4,2
02024,2024.jpg,17,12,4,1
02025,2025.jpg,15,11,3,1
02026,2026.jpg,15,5,7,3
02027,2027.jpg,14,10,2,2
02028,2028.jpg,12,6,3,3
02029,2029.jpg,11,4,3,4
02030,2030.jpg,15,9,4,2
02031,2031.jpg,9,3,2,4
02032,2032.jpg,8,5,1,2
02033,2033.jpg,11,8,1,2
02034,2034.jpg,10,5,2,3
02035,2035.jpg,12,6,2,4
02036,2036.jpg,10,4,4,2
02037,2037.jpg,20,10,7,3
02038,2038.jpg,10,3,4,3
02039,2039.jpg,10,4,3,3
02040,2040.jpg,11,6,4,1
02041,2041.jpg,10,5,2,3
02042,2042.jpg,10,4,3,3
02043,2043.jpg,13,6,4,3
02044,2044.jpg,12,5,4,3
02045,2045.jpg,15,8,5,2
02046,2046.jpg,14,8,4,2
02047,2047.jpg,16,7,7,2
02048,2048.jpg,16,6,5,5
02049,2049.jpg,12,3,7,2
02050,2050.jpg,25,12,9,4
02051,2051.jpg,20,10,8,2
02052,2052.jpg,19,8,7,4
02053,2053.jpg,17,4,9,4
02054,2054.jpg,14,5,6,3
02055,2055.jpg,17,6,6,5
02056,2056.jpg,12,4,5,3
02057,2057.jpg,16,9,5,2
02058,2058.jpg,11,5,4,2
02059,2059.jpg,13,3,5,5
02060,2060.jpg,15,9,4,2
02061,2061.jpg,19,10,6,3
02062,2062.jpg,13,6,5,2
02063,2063.jpg,14,3,9,2
02064,2064.jpg,16,7,7,2
02065,2065.jpg,14,4,7,3
02066,2066.jpg,15,6,5,4
02067,2067.jpg,10,4,2,4
02068,2068.jpg,15,7,4,4
02069,2069.jpg,24,18,4,2
02070,2070.jpg,14,5,5,4
02071,2071.jpg,14,6,8,0
02072,2072.jpg,14,6,8,0
02073,2073.jpg,19,12,5,2
02074,2074.jpg,21,16,5,0
02075,2075.jpg,19,14,4,1
02076,2076.jpg,13,6,4,3
02077,2077.jpg,14,2,9,3
02078,2078.jpg,15,2,11,2
02079,2079.jpg,16,10,5,1
02080,2080.jpg,12,3,6,3
02081,2081.jpg,17,8,6,3
02082,2082.jpg,15,7,5,3
02083,2083.jpg,15,8,4,3
02084,2084.jpg,15,5,7,3
02085,2085.jpg,11,2,6,3
02086,2086.jpg,17,8,4,5
02087,2087.jpg,21,12,5,4
02088,2088.jpg,15,5,6,4
02089,2089.jpg,13,6,5,2
02090,2090.jpg,15,9,3,3
02091,2091.jpg,10,2,3,5
02092,2092.jpg,18,7,8,3
02093,2093.jpg,17,12,4,1
02094,2094.jpg,22,15,3,4
02095,2095.jpg,12,6,3,3
02096,2096.jpg,17,5,8,4
02097,2097.jpg,23,11,8,4
02098,2098.jpg,15,9,5,1
02099,2099.jpg,15,11,2,2
02100,2100.jpg,12,7,1,4
02101,2101.jpg,7,3,1,3
02102,2102.jpg,8,3,3,2
02103,2103.jpg,19,8,7,4
02104,2104.jpg,10,6,2,2
02105,2105.jpg,11,7,3,1
02106,2106.jpg,17,9,5,3
02107,2107.jpg,15,6,6,3
02108,2108.jpg,16,10,5,1
02109,2109.jpg,12,8,3,1
02110,2110.jpg,9,3,4,2
02111,2111.jpg,12,7,4,1
02112,2112.jpg,10,3,5,2
02113,2113.jpg,11,7,2,2
02114,2114.jpg,19,10,4,5
02115,2115.jpg,11,6,2,3
02116,2116.jpg,14,9,1,4
02117,2117.jpg,14,8,2,4
02118,2118.jpg,15,9,3,3
02119,2119.jpg,17,10,3,4
02120,2120.jpg,15,10,3,2
02121,2121.jpg,26,23,1,2
02122,2122.jpg,12,9,1,2
02123,2123.jpg,14,8,3,3
02124,2124.jpg,16,8,3,5
02125,2125.jpg,15,7,4,4
02126,2126.jpg,12,10,1,1
02127,2127.jpg,16,10,3,3
02128,2128.jpg,19,13,3,3
02129,2129.jpg,13,7,3,3
02130,2130.jpg,22,16,4,2
02131,2131.jpg,17,10,5,2
02132,2132.jpg,19,12,5,2
02133,2133.jpg,17,9,6,2
02134,2134.jpg,21,14,6,1
02135,2135.jpg,17,13,4,0
02136,2136.jpg,6,2,3,1
02137,2137.jpg,20,13,6,1
02138,2138.jpg,19,14,4,1
02139,2139.jpg,22,16,5,1
02140,2140.jpg,11,4,2,5
02141,2141.jpg,13,4,5,4
02142,2142.jpg,19,12,3,4
02143,2143.jpg,11,3,3,5
02144,2144.jpg,19,17,1,1
02145,2145.jpg,15,11,2,2
02146,2146.jpg,21,11,5,5
02147,2147.jpg,11,7,2,2
02148,2148.jpg,20,10,4,6
02149,2149.jpg,19,10,6,3
02150,2150.jpg,15,8,5,2
02151,2151.jpg,17,11,2,4
02152,2152.jpg,13,7,1,5
02153,2153.jpg,16,10,3,3
02154,2154.jpg,21,17,2,2
02155,2155.jpg,15,11,1,3
02156,2156.jpg,16,13,0,3
02157,2157.jpg,7,5,1,1
02158,2158.jpg,16,13,2,1
02159,2159.jpg,15,12,1,2
02160,2160.jpg,10,8,1,1
02161,2161.jpg,12,10,1,1
02162,2162.jpg,14,11,2,1
02163,2163.jpg,19,14,2,3
02164,2164.jpg,17,16,1,0
02165,2165.jpg,14,13,1,0
02166,2166.jpg,11,10,1,0
02167,2167.jpg,18,15,1,2
02168,2168.jpg,21,18,3,0
02169,2169.jpg,10,3,3,4
02170,2170.jpg,19,14,5,0
02171,2171.jpg,25,19,6,0
02172,2172.jpg,17,11,5,1
02173,2173.jpg,18,12,5,1
02174,2174.jpg,22,15,5,2
02175,2175.jpg,17,12,3,2
02176,2176.jpg,26,18,5,3
02177,2177.jpg,17,10,7,0
02178,2178.jpg,20,12,6,2
02179,2179.jpg,24,17,4,3
02180,2180.jpg,12,5,3,4
02181,2181.jpg,18,11,6,1
02182,2182.jpg,21,15,4,2
02183,2183.jpg,19,14,3,2
02184,2184.jpg,23,18,4,1
02185,2185.jpg,22,16,5,1
02186,2186.jpg,20,14,4,2
02187,2187.jpg,26,15,7,4
02188,2188.jpg,21,10,6,5
02189,2189.jpg,18,10,3,5
02190,2190.jpg,17,12,2,3
02191,2191.jpg,19,12,4,3
02192,2192.jpg,21,17,2,2
02193,2193.jpg,25,18,4,3
02194,2194.jpg,21,12,7,2
02195,2195.jpg,14,4,7,3
02196,2196.jpg,21,12,6,3
02197,2197.jpg,13,4,6,3
02198,2198.jpg,20,15,3,2
02199,2199.jpg,14,11,2,1
02200,2200.jpg,27,21,3,3
02201,2201.jpg,15,8,4,3
02202,2202.jpg,13,5,5,3
02203,2203.jpg,14,9,3,2
02204,2204.jpg,12,7,2,3
02205,2205.jpg,9,4,2,3
02206,2206.jpg,17,10,3,4
02207,2207.jpg,23,15,3,5
02208,2208.jpg,15,9,4,2
02209,2209.jpg,13,8,3,2
02210,2210.jpg,16,13,1,2
02211,2211.jpg,13,9,2,2
02212,2212.jpg,19,14,2,3
02213,2213.jpg,8,3,2,3
02214,2214.jpg,10,7,2,1
02215,2215.jpg,10,6,2,2
02216,2216.jpg,12,6,3,3
02217,2217.jpg,11,6,2,3
02218,2218.jpg,17,11,3,3
02219,2219.jpg,14,12,0,2
02220,2220.jpg,18,13,0,5
02221,2221.jpg,15,11,0,4
02222,2222.jpg,14,12,0,2
02223,2223.jpg,10,3,4,3
02224,2224.jpg,13,9,2,2
02225,2225.jpg,12,5,3,4
02226,2226.jpg,13,7,3,3
02227,2227.jpg,14,9,3,2
02228,2228.jpg,26,13,9,4
02229,2229.jpg,15,8,6,1
02230,2230.jpg,10,3,3,4
02231,2231.jpg,13,6,3,4
02232,2232.jpg,8,4,2,2
02233,2233.jpg,9,5,2,2
02234,2234.jpg,18,12,3,3
02235,2235.jpg,12,8,2,2
02236,2236.jpg,21,16,2,3
02237,2237.jpg,15,12,3,0
02238,2238.jpg,12,6,4,2
02239,2239.jpg,14,7,5,2
02240,2240.jpg,6,2,2,2
02241,2241.jpg,15,13,1,1
02242,2242.jpg,15,13,1,1
02243,2243.jpg,16,11,3,2
02244,2244.jpg,14,6,5,3
02245,2245.jpg,18,13,4,1
02246,2246.jpg,14,7,5,2
02247,2247.jpg,15,11,3,1
02248,2248.jpg,17,11,4,2
02249,2249.jpg,14,10,2,2
02250,2250.jpg,13,5,5,3
02251,2251.jpg,11,4,5,2
02252,2252.jpg,18,14,2,2
02253,2253.jpg,20,17,2,1
02254,2254.jpg,20,16,3,1
02255,2255.jpg,13,7,5,1
02256,2256.jpg,20,14,5,1
02257,2257.jpg,8,6,0,2
02258,2258.jpg,19,16,2,1
02259,2259.jpg,23,21,1,1
02260,2260.jpg,18,12,5,1
02261,2261.jpg,16,12,3,1
02262,2262.jpg,11,10,1,0
02263,2263.jpg,9,4,2,3
02264,2264.jpg,12,4,4,4
02265,2265.jpg,11,2,5,4
02266,2266.jpg,15,8,4,3
02267,2267.jpg,13,8,2,3
02268,2268.jpg,8,4,2,2
02269,2269.jpg,8,4,3,1
02270,2270.jpg,11,6,3,2
02271,2271.jpg,9,5,3,1
02272,2272.jpg,14,9,1,4
02273,2273.jpg,10,3,2,5
02274,2274.jpg,12,5,2,5
02275,2275.jpg,15,4,5,6
02276,2276.jpg,5,3,1,1
02277,2277.jpg,11,6,2,3
02278,2278.jpg,5,1,0,4
02279,2279.jpg,8,1,3,4
02280,2280.jpg,10,3,4,3
02281,2281.jpg,19,12,4,3
02282,2282.jpg,12,6,2,4
02283,2283.jpg,12,4,4,4
02284,2284.jpg,8,5,0,3
02285,2285.jpg,14,12,2,0
02286,2286.jpg,13,10,2,1
02287,2287.jpg,7,5,1,1
02288,2288.jpg,7,4,1,2
02289,2289.jpg,5,4,1,0
02290,2290.jpg,7,6,1,0
02291,2291.jpg,5,3,2,0
02292,2292.jpg,12,3,8,1
02293,2293.jpg,9,5,2,2
02294,2294.jpg,8,3,2,3
02295,2295.jpg,3,0,1,2
02296,2296.jpg,4,0,2,2
02297,2297.jpg,7,3,3,1
02298,2298.jpg,9,5,2,2
02299,2299.jpg,10,6,1,3
02300,2300.jpg,10,5,2,3
02301,2301.jpg,9,3,3,3
02302,2302.jpg,11,5,3,3
02303,2303.jpg,11,8,2,1
02304,2304.jpg,7,2,4,1
02305,2305.jpg,10,3,5,2
02306,2306.jpg,11,2,6,3
02307,2307.jpg,5,2,2,1
02308,2308.jpg,7,5,1,1
02309,2309.jpg,10,8,1,1
02310,2310.jpg,6,2,3,1
02311,2311.jpg,5,5,0,0
02312,2312.jpg,5,3,1,1
02313,2313.jpg,8,7,1,0
02314,2314.jpg,9,4,4,1
02315,2315.jpg,7,5,1,1
02316,2316.jpg,7,6,0,1
02317,2317.jpg,6,4,1,1
02318,2318.jpg,7,6,1,0
02319,2319.jpg,5,3,0,2
02320,2320.jpg,10,9,1,0
02321,2321.jpg,8,8,0,0
02322,2322.jpg,6,4,2,0
02323,2323.jpg,5,5,0,0
02324,2324.jpg,3,3,0,0
02325,2325.jpg,4,2,1,1
02326,2326.jpg,5,5,0,0
02327,2327.jpg,10,7,2,1
02328,2328.jpg,2,2,0,0
02329,2329.jpg,10,8,1,1
02330,2330.jpg,8,6,1,1
02331,2331.jpg,9,3,3,3
02332,2332.jpg,6,2,1,3
02333,2333.jpg,8,5,0,3
02334,2334.jpg,11,8,1,2
02335,2335.jpg,5,2,2,1
02336,2336.jpg,6,3,0,3
02337,2337.jpg,12,9,1,2
02338,2338.jpg,4,4,0,0
02339,2339.jpg,5,5,0,0
02340,2340.jpg,11,3,4,4
02341,2341.jpg,10,2,4,4
02342,2342.jpg,5,3,1,1
02343,2343.jpg,13,5,5,3
02344,2344.jpg,10,2,4,4
02345,2345.jpg,7,0,3,4
02346,2346.jpg,8,2,2,4
02347,2347.jpg,13,7,3,3
02348,2348.jpg,4,2,0,2
02349,2349.jpg,8,5,0,3
02350,2350.jpg,8,1,3,4
02351,2351.jpg,13,6,4,3
02352,2352.jpg,10,7,1,2
02353,2353.jpg,16,4,8,4
02354,2354.jpg,13,2,8,3
02355,2355.jpg,11,6,4,1
02356,2356.jpg,11,5,2,4
02357,2357.jpg,13,10,2,1
02358,2358.jpg,8,3,4,1
02359,2359.jpg,12,7,3,2
02360,2360.jpg,10,6,2,2
02361,2361.jpg,11,4,4,3
02362,2362.jpg,14,8,4,2
02363,2363.jpg,10,2,6,2
02364,2364.jpg,14,6,6,2
02365,2365.jpg,11,4,4,3
02366,2366.jpg,12,4,6,2
02367,2367.jpg,17,7,7,3
02368,2368.jpg,16,8,6,2
02369,2369.jpg,14,8,5,1
02370,2370.jpg,10,8,2,0
02371,2371.jpg,9,6,1,2
02372,2372.jpg,7,0,3,4
02373,2373.jpg,17,10,4,3
02374,2374.jpg,13,5,5,3
02375,2375.jpg,12,5,4,3
02376,2376.jpg,14,7,3,4
02377,2377.jpg,16,10,2,4
02378,2378.jpg,14,10,3,1
02379,2379.jpg,15,14,0,1
02380,2380.jpg,13,11,0,2
02381,2381.jpg,8,7,0,1
02382,2382.jpg,14,11,1,2
02383,2383.jpg,12,10,2,0
02384,2384.jpg,9,9,0,0
02385,2385.jpg,11,9,2,0
02386,2386.jpg,13,10,1,2
02387,2387.jpg,10,8,1,1
02388,2388.jpg,5,3,0,2
02389,2389.jpg,9,5,2,2
02390,2390.jpg,11,5,4,2
02391,2391.jpg,7,2,1,4
02392,2392.jpg,13,8,4,1
02393,2393.jpg,9,8,1,0
02394,2394.jpg,8,8,0,0
02395,2395.jpg,5,1,2,2
02396,2396.jpg,8,8,0,0
02397,2397.jpg,16,11,4,1
02398,2398.jpg,8,5,2,1
02399,2399.jpg,10,6,1,3
02400,2400.jpg,6,3,0,3
02401,2401.jpg,10,6,1,3
02402,2402.jpg,9,4,2,3
02403,2403.jpg,11,3,4,4
02404,2404.jpg,13,4,4,5
02405,2405.jpg,15,7,4,4
02406,2406.jpg,11,4,5,2
02407,2407.jpg,11,6,2,3
02408,2408.jpg,12,6,3,3
02409,2409.jpg,8,3,2,3
02410,2410.jpg,8,4,2,2
02411,2411.jpg,6,3,1,2
02412,2412.jpg,7,3,2,2
02413,2413.jpg,9,5,2,2
02414,2414.jpg,10,5,3,2
02415,2415.jpg,6,4,1,1
02416,2416.jpg,6,5,0,1
02417,2417.jpg,12,9,1,2
02418,2418.jpg,13,6,3,4
02419,2419.jpg,14,7,4,3
02420,2420.jpg,8,6,0,2
02421,2421.jpg,4,1,1,2
02422,2422.jpg,7,3,2,2
02423,2423.jpg,13,8,3,2
02424,2424.jpg,10,8,0,2
02425,2425.jpg,8,7,1,0
02426,2426.jpg,9,7,2,0
02427,2427.jpg,7,3,2,2
02428,2428.jpg,11,9,0,2
02429,2429.jpg,8,8,0,0
02430,2430.jpg,3,3,0,0
02431,2431.jpg,8,4,2,2
02432,2432.jpg,9,9,0,0
02433,2433.jpg,8,5,2,1
02434,2434.jpg,5,5,0,0
02435,2435.jpg,9,8,0,1
02436,2436.jpg,9,7,1,1
02437,2437.jpg,7,6,1,0
02438,2438.jpg,5,5,0,0
02439,2439.jpg,6,6,0,0
02440,2440.jpg,5,5,0,0
02441,2441.jpg,3,2,1,0
02442,2442.jpg,14,14,0,0
02443,2443.jpg,9,7,2,0
02444,2444.jpg,17,12,3,2
02445,2445.jpg,13,10,2,1
02446,2446.jpg,6,5,1,0
02447,2447.jpg,13,10,2,1
02448,2448.jpg,8,7,1,0
02449,2449.jpg,4,4,0,0
02450,2450.jpg,3,2,1,0
02451,2451.jpg,11,8,2,1
02452,2452.jpg,13,12,1,0
02453,2453.jpg,16,14,1,1
02454,2454.jpg,8,7,1,0
02455,2455.jpg,10,9,0,1
02456,2456.jpg,5,3,1,1
02457,2457.jpg,10,8,1,1
02458,2458.jpg,9,8,0,1
02459,2459.jpg,14,12,1,1
02460,2460.jpg,12,9,1,2
02461,2461.jpg,16,15,0,1
02462,2462.jpg,7,7,0,0
02463,2463.jpg,7,6,0,1
02464,2464.jpg,12,9,2,1
02465,2465.jpg,10,4,4,2
02466,2466.jpg,9,8,1,0
02467,2467.jpg,6,5,1,0
02468,2468.jpg,12,8,2,2
02469,2469.jpg,17,10,5,2
02470,2470.jpg,14,9,4,1
02471,2471.jpg,14,14,0,0
02472,2472.jpg,9,8,1,0
02473,2473.jpg,18,16,2,0
02474,2474.jpg,13,8,3,2
02475,2475.jpg,10,9,1,0
02476,2476.jpg,11,8,1,2
02477,2477.jpg,16,11,3,2
02478,2478.jpg,19,14,3,2
02479,2479.jpg,16,12,4,0
02480,2480.jpg,9,9,0,0
02481,2481.jpg,7,6,0,1
02482,2482.jpg,6,5,1,0
02483,2483.jpg,7,5,2,0
02484,2484.jpg,12,7,4,1
02485,2485.jpg,11,11,0,0
02486,2486.jpg,2,1,0,1
02487,2487.jpg,8,7,1,0
02488,2488.jpg,16,16,0,0
02489,2489.jpg,16,15,1,0
02490,2490.jpg,14,13,1,0
02491,2491.jpg,6,5,1,0
02492,2492.jpg,16,15,1,0
02493,2493.jpg,11,10,1,0
02494,2494.jpg,9,9,0,0
02495,2495.jpg,15,13,2,0
02496,2496.jpg,6,4,2,0
02497,2497.jpg,11,11,0,0
02498,2498.jpg,13,9,2,2
02499,2499.jpg,8,7,1,0
02500,2500.jpg,14,10,3,1
02501,2501.jpg,15,13,2,0
02502,2502.jpg,14,10,2,2
02503,2503.jpg,13,9,1,3
02504,2504.jpg,12,7,3,2
02505,2505.jpg,10,6,3,1
02506,2506.jpg,17,15,2,0
02507,2507.jpg,26,25,0,1
02508,2508.jpg,11,10,1,0
02509,2509.jpg,12,10,2,0
02510,2510.jpg,14,13,1,0
02511,2511.jpg,13,11,1,1
02512,2512.jpg,13,11,1,1
02513,2513.jpg,9,7,2,0
02514,2514.jpg,14,11,3,0
02515,2515.jpg,20,14,6,0
02516,2516.jpg,15,15,0,0
02517,2517.jpg,10,7,2,1
02518,2518.jpg,19,15,4,0
02519,2519.jpg,19,17,2,0
02520,2520.jpg,10,8,1,1
02521,2521.jpg,21,16,3,2
02522,2522.jpg,9,7,0,2
02523,2523.jpg,19,14,2,3
02524,2524.jpg,26,22,3,1
02525,2525.jpg,21,15,5,1
02526,2526.jpg,23,21,2,0
02527,2527.jpg,19,13,2,4
02528,2528.jpg,22,18,2,2
02529,2529.jpg,25,25,0,0
02530,2530.jpg,19,17,1,1
02531,2531.jpg,20,18,1,1
02532,2532.jpg,13,10,2,1
02533,2533.jpg,14,8,3,3
02534,2534.jpg,23,19,1,3
02535,2535.jpg,23,20,1,2
02536,2536.jpg,19,10,6,3
02537,2537.jpg,24,16,6,2
02538,2538.jpg,23,15,7,1
02539,2539.jpg,25,17,6,2
02540,2540.jpg,16,7,5,4
02541,2541.jpg,32,25,3,4
02542,2542.jpg,22,17,4,1
02543,2543.jpg,23,17,4,2
02544,2544.jpg,17,13,3,1
02545,2545.jpg,19,15,2,2
02546,2546.jpg,16,13,1,2
02547,2547.jpg,24,20,2,2
02548,2548.jpg,27,26,1,0
02549,2549.jpg,21,16,3,2
02550,2550.jpg,15,9,3,3
02551,2551.jpg,17,9,5,3
02552,2552.jpg,19,12,3,4
02553,2553.jpg,19,14,4,1
02554,2554.jpg,23,17,6,0
02555,2555.jpg,17,10,7,0
02556,2556.jpg,21,17,3,1
02557,2557.jpg,13,12,0,1
02558,2558.jpg,13,12,0,1
02559,2559.jpg,15,11,3,1
02560,2560.jpg,25,21,3,1
02561,2561.jpg,18,11,5,2
02562,2562.jpg,22,17,5,0
02563,2563.jpg,22,17,4,1
02564,2564.jpg,19,13,5,1
02565,2565.jpg,18,11,6,1
02566,2566.jpg,20,11,6,3
02567,2567.jpg,23,17,3,3
02568,2568.jpg,17,12,3,2
02569,2569.jpg,17,14,3,0
02570,2570.jpg,25,20,3,2
02571,2571.jpg,21,14,4,3
02572,2572.jpg,21,13,4,4
02573,2573.jpg,17,10,3,4
02574,2574.jpg,14,11,1,2
02575,2575.jpg,16,12,1,3
02576,2576.jpg,19,13,2,4
02577,2577.jpg,23,15,5,3
02578,2578.jpg,19,12,4,3
02579,2579.jpg,19,14,4,1
02580,2580.jpg,13,10,2,1
02581,2581.jpg,22,18,3,1
02582,2582.jpg,16,11,4,1
02583,2583.jpg,19,12,4,3
02584,2584.jpg,18,14,3,1
02585,2585.jpg,16,12,3,1
02586,2586.jpg,20,14,5,1
02587,2587.jpg,15,12,2,1
02588,2588.jpg,19,14,4,1
02589,2589.jpg,16,9,4,3
02590,2590.jpg,15,8,5,2
02591,2591.jpg,13,8,3,2
02592,2592.jpg,15,7,6,2
02593,2593.jpg,8,1,5,2
02594,2594.jpg,18,10,5,3
02595,2595.jpg,9,3,4,2
02596,2596.jpg,11,7,4,0
02597,2597.jpg,17,12,4,1
02598,2598.jpg,18,13,3,2
02599,2599.jpg,21,14,6,1
02600,2600.jpg,23,15,5,3
02601,2601.jpg,22,16,4,2
02602,2602.jpg,17,10,6,1
02603,2603.jpg,17,13,4,0
02604,2604.jpg,22,17,5,0
02605,2605.jpg,17,13,3,1
02606,2606.jpg,21,17,3,1
02607,2607.jpg,22,20,2,0
02608,2608.jpg,20,13,6,1
02609,2609.jpg,14,10,3,1
02610,2610.jpg,23,23,0,0
02611,2611.jpg,12,11,0,1
02612,2612.jpg,16,14,2,0
02613,2613.jpg,16,14,2,0
02614,2614.jpg,27,24,2,1
02615,2615.jpg,14,11,2,1
02616,2616.jpg,12,11,1,0
02617,2617.jpg,16,14,2,0
02618,2618.jpg,18,12,5,1
02619,2619.jpg,19,15,3,1
02620,2620.jpg,8,6,2,0
02621,2621.jpg,11,8,2,1
02622,2622.jpg,14,10,4,0
02623,2623.jpg,11,8,3,0
02624,2624.jpg,24,20,3,1
02625,2625.jpg,20,15,5,0
02626,2626.jpg,16,14,2,0
02627,2627.jpg,16,15,0,1
02628,2628.jpg,19,16,2,1
02629,2629.jpg,15,9,3,3
02630,2630.jpg,13,8,3,2
02631,2631.jpg,13,8,3,2
02632,2632.jpg,11,7,3,1
02633,2633.jpg,14,10,2,2
02634,2634.jpg,13,7,3,3
02635,2635.jpg,18,10,6,2
02636,2636.jpg,21,18,1,2
02637,2637.jpg,18,18,0,0
02638,2638.jpg,7,5,1,1
02639,2639.jpg,17,13,3,1
02640,2640.jpg,15,14,1,0
