Original_Filename,Total_Vehicles,Motorcycles,Cars,Trucks,TruckCar_Percentage
001.jpg,15,7,5,3,53.333333333333336
002.jpg,7,3,3,1,57.14285714285714
003.jpg,6,1,4,1,83.33333333333334
004.jpg,5,1,3,1,80.0
005.jpg,10,2,6,2,80.0
006.jpg,12,5,6,1,58.333333333333336
007.jpg,11,5,5,1,54.54545454545454
008.jpg,10,7,2,1,30.0
009.jpg,10,5,4,1,50.0
010.jpg,10,2,6,2,80.0
011.jpg,8,1,6,1,87.5
012.jpg,7,2,4,1,71.42857142857143
013.jpg,10,3,6,1,70.0
014.jpg,12,4,6,2,66.66666666666666
015.jpg,13,6,5,2,53.84615384615385
016.jpg,6,0,4,2,100.0
017.jpg,10,5,2,3,50.0
018.jpg,9,3,2,4,66.66666666666666
019.jpg,13,3,6,4,76.92307692307693
020.jpg,4,0,3,1,100.0
021.jpg,7,2,4,1,71.42857142857143
022.jpg,11,4,3,4,63.63636363636363
023.jpg,6,0,3,3,100.0
024.jpg,10,2,4,4,80.0
025.jpg,4,2,1,1,50.0
026.jpg,11,7,3,1,36.36363636363637
027.jpg,9,7,0,2,22.22222222222222
028.jpg,9,6,1,2,33.33333333333333
029.jpg,10,7,1,2,30.0
030.jpg,9,7,2,0,22.22222222222222
031.jpg,6,4,2,0,33.33333333333333
032.jpg,11,7,3,1,36.36363636363637
033.jpg,7,5,1,1,28.57142857142857
034.jpg,6,5,1,0,16.666666666666664
035.jpg,5,4,1,0,20.0
036.jpg,3,2,1,0,33.33333333333333
037.jpg,3,1,1,1,66.66666666666666
038.jpg,7,6,0,1,14.285714285714285
039.jpg,4,3,0,1,25.0
040.jpg,3,2,1,0,33.33333333333333
041.jpg,7,6,1,0,14.285714285714285
042.jpg,7,5,2,0,28.57142857142857
043.jpg,6,5,1,0,16.666666666666664
044.jpg,6,5,1,0,16.666666666666664
045.jpg,8,4,4,0,50.0
046.jpg,7,5,1,1,28.57142857142857
047.jpg,7,6,1,0,14.285714285714285
048.jpg,2,0,2,0,100.0
049.jpg,5,2,3,0,60.0
050.jpg,10,3,5,2,70.0
051.jpg,10,6,4,0,40.0
052.jpg,5,3,1,1,40.0
053.jpg,7,6,1,0,14.285714285714285
054.jpg,7,6,1,0,14.285714285714285
055.jpg,6,3,3,0,50.0
056.jpg,4,3,1,0,25.0
057.jpg,3,0,3,0,100.0
058.jpg,3,2,1,0,33.33333333333333
059.jpg,6,5,1,0,16.666666666666664
060.jpg,6,4,2,0,33.33333333333333
061.jpg,4,1,3,0,75.0
062.jpg,4,1,2,1,75.0
063.jpg,4,3,1,0,25.0
064.jpg,3,0,3,0,100.0
065.jpg,4,1,2,1,75.0
066.jpg,5,0,2,3,100.0
067.jpg,5,2,3,0,60.0
068.jpg,3,1,2,0,66.66666666666666
069.jpg,2,1,0,1,50.0
070.jpg,5,2,2,1,60.0
071.jpg,8,6,2,0,25.0
072.jpg,5,0,5,0,100.0
073.jpg,4,0,3,1,100.0
074.jpg,4,3,1,0,25.0
075.jpg,1,0,1,0,100.0
076.jpg,2,0,1,1,100.0
077.jpg,6,4,2,0,33.33333333333333
078.jpg,5,3,2,0,40.0
079.jpg,8,6,2,0,25.0
080.jpg,8,7,1,0,12.5
081.jpg,6,2,3,1,66.66666666666666
082.jpg,9,6,2,1,33.33333333333333
083.jpg,11,7,3,1,36.36363636363637
084.jpg,4,3,1,0,25.0
085.jpg,7,4,3,0,42.857142857142854
086.jpg,6,3,3,0,50.0
087.jpg,12,8,3,1,33.33333333333333
088.jpg,9,6,2,1,33.33333333333333
089.jpg,9,5,4,0,44.44444444444444
090.jpg,7,2,5,0,71.42857142857143
091.jpg,7,4,3,0,42.857142857142854
092.jpg,5,3,2,0,40.0
093.jpg,4,3,1,0,25.0
094.jpg,4,3,1,0,25.0
095.jpg,5,3,2,0,40.0
096.jpg,2,1,1,0,50.0
097.jpg,6,3,3,0,50.0
098.jpg,6,2,3,1,66.66666666666666
099.jpg,8,4,3,1,50.0
100.jpg,7,3,4,0,57.14285714285714
101.jpg,9,6,2,1,33.33333333333333
102.jpg,5,4,1,0,20.0
103.jpg,8,6,2,0,25.0
104.jpg,3,2,1,0,33.33333333333333
105.jpg,2,1,1,0,50.0
106.jpg,7,4,3,0,42.857142857142854
107.jpg,7,3,4,0,57.14285714285714
108.jpg,4,1,3,0,75.0
109.jpg,4,0,4,0,100.0
110.jpg,4,2,1,1,50.0
111.jpg,8,7,1,0,12.5
112.jpg,6,5,1,0,16.666666666666664
113.jpg,8,7,1,0,12.5
114.jpg,4,0,3,1,100.0
115.jpg,1,0,1,0,100.0
116.jpg,6,4,1,1,33.33333333333333
117.jpg,3,0,2,1,100.0
118.jpg,7,4,2,1,42.857142857142854
119.jpg,6,3,2,1,50.0
120.jpg,2,1,0,1,50.0
121.jpg,6,5,0,1,16.666666666666664
122.jpg,8,7,0,1,12.5
123.jpg,10,8,1,1,20.0
124.jpg,7,3,3,1,57.14285714285714
125.jpg,7,3,4,0,57.14285714285714
126.jpg,9,6,3,0,33.33333333333333
127.jpg,12,5,5,2,58.333333333333336
128.jpg,11,9,2,0,18.181818181818183
129.jpg,3,2,0,1,33.33333333333333
130.jpg,7,4,1,2,42.857142857142854
131.jpg,10,7,0,3,30.0
132.jpg,6,3,1,2,50.0
133.jpg,6,4,1,1,33.33333333333333
134.jpg,10,8,1,1,20.0
135.jpg,10,7,2,1,30.0
136.jpg,9,6,2,1,33.33333333333333
137.jpg,8,3,4,1,62.5
138.jpg,5,3,1,1,40.0
139.jpg,8,5,1,2,37.5
140.jpg,8,4,3,1,50.0
141.jpg,5,3,1,1,40.0
142.jpg,3,1,1,1,66.66666666666666
143.jpg,5,1,3,1,80.0
144.jpg,7,1,5,1,85.71428571428571
145.jpg,10,4,4,2,60.0
146.jpg,8,3,3,2,62.5
147.jpg,8,4,3,1,50.0
148.jpg,5,1,3,1,80.0
149.jpg,7,2,3,2,71.42857142857143
150.jpg,9,1,3,5,88.88888888888889
151.jpg,6,2,3,1,66.66666666666666
152.jpg,7,4,2,1,42.857142857142854
153.jpg,6,3,1,2,50.0
154.jpg,6,0,3,3,100.0
155.jpg,6,2,2,2,66.66666666666666
156.jpg,4,3,0,1,25.0
157.jpg,9,7,1,1,22.22222222222222
158.jpg,12,9,2,1,25.0
159.jpg,8,8,0,0,0.0
160.jpg,10,6,3,1,40.0
161.jpg,12,5,4,3,58.333333333333336
162.jpg,9,2,4,3,77.77777777777779
163.jpg,8,3,5,0,62.5
164.jpg,5,2,2,1,60.0
165.jpg,10,3,5,2,70.0
166.jpg,8,5,1,2,37.5
167.jpg,9,4,4,1,55.55555555555556
168.jpg,5,2,3,0,60.0
169.jpg,8,3,4,1,62.5
170.jpg,10,6,4,0,40.0
171.jpg,7,3,3,1,57.14285714285714
172.jpg,6,2,1,3,66.66666666666666
173.jpg,4,1,1,2,75.0
174.jpg,6,2,3,1,66.66666666666666
175.jpg,5,3,1,1,40.0
176.jpg,5,2,2,1,60.0
177.jpg,2,1,1,0,50.0
178.jpg,8,5,1,2,37.5
179.jpg,10,6,2,2,40.0
180.jpg,10,5,2,3,50.0
181.jpg,9,4,3,2,55.55555555555556
182.jpg,7,2,3,2,71.42857142857143
183.jpg,8,5,1,2,37.5
184.jpg,7,1,4,2,85.71428571428571
185.jpg,10,7,2,1,30.0
186.jpg,6,4,1,1,33.33333333333333
187.jpg,8,3,3,2,62.5
188.jpg,11,2,6,3,81.81818181818183
189.jpg,10,3,5,2,70.0
190.jpg,9,4,3,2,55.55555555555556
191.jpg,12,8,3,1,33.33333333333333
192.jpg,15,8,4,3,46.666666666666664
193.jpg,12,4,6,2,66.66666666666666
194.jpg,11,7,1,3,36.36363636363637
195.jpg,5,3,0,2,40.0
196.jpg,11,9,1,1,18.181818181818183
197.jpg,12,4,4,4,66.66666666666666
198.jpg,8,3,3,2,62.5
199.jpg,12,8,3,1,33.33333333333333
200.jpg,12,8,2,2,33.33333333333333
201.jpg,12,7,2,3,41.66666666666667
202.jpg,10,2,4,4,80.0
203.jpg,15,10,4,1,33.33333333333333
204.jpg,11,7,2,2,36.36363636363637
205.jpg,17,10,4,3,41.17647058823529
206.jpg,12,6,4,2,50.0
207.jpg,10,6,3,1,40.0
208.jpg,10,5,3,2,50.0
209.jpg,7,4,1,2,42.857142857142854
210.jpg,7,3,3,1,57.14285714285714
211.jpg,9,1,4,4,88.88888888888889
212.jpg,7,4,0,3,42.857142857142854
213.jpg,8,5,3,0,37.5
214.jpg,13,8,4,1,38.46153846153847
215.jpg,11,5,5,1,54.54545454545454
216.jpg,8,4,4,0,50.0
217.jpg,11,8,2,1,27.27272727272727
218.jpg,10,8,2,0,20.0
219.jpg,10,7,3,0,30.0
220.jpg,6,3,2,1,50.0
221.jpg,7,7,0,0,0.0
222.jpg,5,4,1,0,20.0
223.jpg,10,6,2,2,40.0
224.jpg,9,5,3,1,44.44444444444444
225.jpg,7,5,1,1,28.57142857142857
226.jpg,7,6,1,0,14.285714285714285
227.jpg,8,5,2,1,37.5
228.jpg,10,3,6,1,70.0
229.jpg,13,4,8,1,69.23076923076923
230.jpg,10,5,5,0,50.0
231.jpg,12,6,5,1,50.0
232.jpg,14,7,6,1,50.0
233.jpg,9,1,6,2,88.88888888888889
234.jpg,10,4,3,3,60.0
235.jpg,8,4,3,1,50.0
236.jpg,11,5,5,1,54.54545454545454
237.jpg,9,4,3,2,55.55555555555556
238.jpg,13,6,4,3,53.84615384615385
239.jpg,9,6,2,1,33.33333333333333
240.jpg,10,7,0,3,30.0
241.jpg,13,10,1,2,23.076923076923077
242.jpg,11,7,2,2,36.36363636363637
243.jpg,11,7,2,2,36.36363636363637
244.jpg,13,9,3,1,30.76923076923077
245.jpg,16,11,4,1,31.25
246.jpg,9,5,3,1,44.44444444444444
247.jpg,12,6,4,2,50.0
248.jpg,10,6,3,1,40.0
249.jpg,15,10,4,1,33.33333333333333
250.jpg,14,8,5,1,42.857142857142854
251.jpg,14,6,6,2,57.14285714285714
252.jpg,10,5,3,2,50.0
253.jpg,9,4,2,3,55.55555555555556
254.jpg,11,4,3,4,63.63636363636363
255.jpg,14,3,6,5,78.57142857142857
256.jpg,15,8,3,4,46.666666666666664
257.jpg,12,6,4,2,50.0
258.jpg,11,2,5,4,81.81818181818183
259.jpg,8,3,3,2,62.5
260.jpg,12,4,4,4,66.66666666666666
261.jpg,12,6,5,1,50.0
262.jpg,8,2,3,3,75.0
263.jpg,7,2,2,3,71.42857142857143
264.jpg,11,4,4,3,63.63636363636363
265.jpg,12,7,1,4,41.66666666666667
266.jpg,9,4,2,3,55.55555555555556
267.jpg,9,3,2,4,66.66666666666666
268.jpg,7,2,2,3,71.42857142857143
269.jpg,9,3,3,3,66.66666666666666
270.jpg,8,3,3,2,62.5
271.jpg,8,1,5,2,87.5
272.jpg,11,3,5,3,72.72727272727273
273.jpg,11,1,7,3,90.9090909090909
274.jpg,14,7,6,1,50.0
275.jpg,13,5,7,1,61.53846153846154
276.jpg,14,8,5,1,42.857142857142854
277.jpg,13,3,9,1,76.92307692307693
278.jpg,14,7,5,2,50.0
279.jpg,13,6,3,4,53.84615384615385
280.jpg,11,7,1,3,36.36363636363637
281.jpg,9,6,1,2,33.33333333333333
282.jpg,10,9,0,1,10.0
283.jpg,11,6,4,1,45.45454545454545
284.jpg,8,3,3,2,62.5
285.jpg,5,4,0,1,20.0
286.jpg,6,4,1,1,33.33333333333333
287.jpg,11,9,0,2,18.181818181818183
288.jpg,12,9,2,1,25.0
289.jpg,4,2,1,1,50.0
290.jpg,11,5,3,3,54.54545454545454
291.jpg,13,5,4,4,61.53846153846154
292.jpg,14,8,2,4,42.857142857142854
293.jpg,12,7,1,4,41.66666666666667
294.jpg,13,6,3,4,53.84615384615385
295.jpg,17,6,6,5,64.70588235294117
296.jpg,20,7,8,5,65.0
297.jpg,14,9,3,2,35.714285714285715
298.jpg,10,3,4,3,70.0
299.jpg,12,6,4,2,50.0
300.jpg,8,1,4,3,87.5
301.jpg,12,8,2,2,33.33333333333333
302.jpg,12,3,4,5,75.0
303.jpg,13,5,4,4,61.53846153846154
304.jpg,10,2,4,4,80.0
305.jpg,9,2,4,3,77.77777777777779
306.jpg,5,1,1,3,80.0
307.jpg,6,1,2,3,83.33333333333334
308.jpg,9,1,5,3,88.88888888888889
309.jpg,7,0,5,2,100.0
310.jpg,8,1,3,4,87.5
311.jpg,9,4,1,4,55.55555555555556
312.jpg,9,3,5,1,66.66666666666666
313.jpg,13,2,7,4,84.61538461538461
314.jpg,12,2,8,2,83.33333333333334
315.jpg,12,5,5,2,58.333333333333336
316.jpg,11,5,5,1,54.54545454545454
317.jpg,13,5,5,3,61.53846153846154
318.jpg,16,8,7,1,50.0
319.jpg,8,4,3,1,50.0
320.jpg,10,3,4,3,70.0
321.jpg,12,7,2,3,41.66666666666667
322.jpg,14,3,10,1,78.57142857142857
323.jpg,15,15,0,0,0.0
324.jpg,15,15,0,0,0.0
325.jpg,13,12,1,0,7.6923076923076925
326.jpg,13,12,1,0,7.6923076923076925
327.jpg,10,9,1,0,10.0
328.jpg,13,12,1,0,7.6923076923076925
329.jpg,15,8,7,0,46.666666666666664
330.jpg,9,9,0,0,0.0
331.jpg,14,14,0,0,0.0
332.jpg,12,12,0,0,0.0
333.jpg,10,10,0,0,0.0
334.jpg,16,15,1,0,6.25
335.jpg,16,14,2,0,12.5
336.jpg,11,11,0,0,0.0
337.jpg,16,14,2,0,12.5
338.jpg,12,11,1,0,8.333333333333332
339.jpg,14,14,0,0,0.0
340.jpg,7,2,4,1,71.42857142857143
341.jpg,20,16,4,0,20.0
342.jpg,18,16,2,0,11.11111111111111
343.jpg,11,10,0,1,9.090909090909092
344.jpg,18,18,0,0,0.0
345.jpg,15,13,1,1,13.333333333333334
346.jpg,14,13,1,0,7.142857142857142
347.jpg,18,15,2,1,16.666666666666664
348.jpg,12,12,0,0,0.0
349.jpg,11,8,3,0,27.27272727272727
350.jpg,14,9,2,3,35.714285714285715
351.jpg,8,2,4,2,75.0
352.jpg,16,15,1,0,6.25
353.jpg,10,10,0,0,0.0
354.jpg,17,16,1,0,5.88235294117647
355.jpg,13,12,1,0,7.6923076923076925
356.jpg,11,10,1,0,9.090909090909092
357.jpg,14,13,1,0,7.142857142857142
358.jpg,14,14,0,0,0.0
359.jpg,9,7,2,0,22.22222222222222
360.jpg,11,10,0,1,9.090909090909092
361.jpg,10,8,2,0,20.0
362.jpg,9,3,3,3,66.66666666666666
363.jpg,18,17,1,0,5.555555555555555
364.jpg,18,15,3,0,16.666666666666664
365.jpg,16,13,3,0,18.75
366.jpg,14,13,1,0,7.142857142857142
367.jpg,16,14,2,0,12.5
368.jpg,14,11,2,1,21.428571428571427
369.jpg,16,9,6,1,43.75
370.jpg,20,15,4,1,25.0
371.jpg,12,12,0,0,0.0
372.jpg,10,10,0,0,0.0
373.jpg,9,4,1,4,55.55555555555556
374.jpg,13,13,0,0,0.0
375.jpg,21,20,1,0,4.761904761904762
376.jpg,21,18,3,0,14.285714285714285
377.jpg,18,14,2,2,22.22222222222222
378.jpg,17,15,1,1,11.76470588235294
379.jpg,18,16,1,1,11.11111111111111
380.jpg,12,11,1,0,8.333333333333332
381.jpg,16,15,1,0,6.25
382.jpg,12,9,2,1,25.0
383.jpg,18,16,2,0,11.11111111111111
384.jpg,4,0,2,2,100.0
385.jpg,15,12,3,0,20.0
386.jpg,18,16,2,0,11.11111111111111
387.jpg,15,14,1,0,6.666666666666667
388.jpg,13,12,1,0,7.6923076923076925
389.jpg,14,13,1,0,7.142857142857142
390.jpg,16,16,0,0,0.0
391.jpg,12,12,0,0,0.0
392.jpg,16,16,0,0,0.0
393.jpg,13,12,1,0,7.6923076923076925
394.jpg,13,11,1,1,15.384615384615385
395.jpg,13,6,5,2,53.84615384615385
396.jpg,17,17,0,0,0.0
397.jpg,9,9,0,0,0.0
398.jpg,13,12,1,0,7.6923076923076925
399.jpg,17,15,2,0,11.76470588235294
400.jpg,20,16,3,1,20.0
401.jpg,8,8,0,0,0.0
402.jpg,16,14,2,0,12.5
403.jpg,7,6,1,0,14.285714285714285
404.jpg,15,14,1,0,6.666666666666667
405.jpg,10,9,1,0,10.0
406.jpg,7,0,4,3,100.0
407.jpg,14,14,0,0,0.0
408.jpg,16,15,0,1,6.25
409.jpg,11,10,1,0,9.090909090909092
410.jpg,17,14,2,1,17.647058823529413
411.jpg,17,14,3,0,17.647058823529413
412.jpg,16,15,1,0,6.25
413.jpg,18,16,2,0,11.11111111111111
414.jpg,14,10,4,0,28.57142857142857
415.jpg,15,15,0,0,0.0
416.jpg,15,14,1,0,6.666666666666667
417.jpg,9,3,3,3,66.66666666666666
418.jpg,14,14,0,0,0.0
419.jpg,16,14,2,0,12.5
420.jpg,12,11,1,0,8.333333333333332
421.jpg,3,3,0,0,0.0
422.jpg,8,7,1,0,12.5
423.jpg,12,7,3,2,41.66666666666667
424.jpg,18,14,3,1,22.22222222222222
425.jpg,19,11,4,4,42.10526315789473
426.jpg,12,11,0,1,8.333333333333332
427.jpg,13,12,1,0,7.6923076923076925
428.jpg,12,7,3,2,41.66666666666667
429.jpg,15,11,3,1,26.666666666666668
430.jpg,12,11,1,0,8.333333333333332
431.jpg,7,7,0,0,0.0
432.jpg,16,14,2,0,12.5
433.jpg,17,14,2,1,17.647058823529413
434.jpg,15,11,3,1,26.666666666666668
435.jpg,16,14,1,1,12.5
436.jpg,16,10,6,0,37.5
437.jpg,16,9,7,0,43.75
438.jpg,18,6,10,2,66.66666666666666
439.jpg,7,1,4,2,85.71428571428571
440.jpg,14,8,5,1,42.857142857142854
441.jpg,15,11,1,3,26.666666666666668
442.jpg,11,10,0,1,9.090909090909092
443.jpg,9,8,0,1,11.11111111111111
444.jpg,17,16,0,1,5.88235294117647
445.jpg,14,11,1,2,21.428571428571427
446.jpg,15,14,0,1,6.666666666666667
447.jpg,13,12,0,1,7.6923076923076925
448.jpg,8,4,3,1,50.0
449.jpg,9,7,2,0,22.22222222222222
450.jpg,14,6,3,5,57.14285714285714
451.jpg,12,9,2,1,25.0
452.jpg,17,12,2,3,29.411764705882355
453.jpg,12,5,5,2,58.333333333333336
454.jpg,14,11,0,3,21.428571428571427
455.jpg,7,5,2,0,28.57142857142857
456.jpg,16,12,3,1,25.0
457.jpg,11,8,3,0,27.27272727272727
458.jpg,17,11,6,0,35.294117647058826
459.jpg,12,8,3,1,33.33333333333333
460.jpg,9,6,2,1,33.33333333333333
461.jpg,9,1,3,5,88.88888888888889
462.jpg,14,10,3,1,28.57142857142857
463.jpg,18,11,6,1,38.88888888888889
464.jpg,17,12,5,0,29.411764705882355
465.jpg,14,8,5,1,42.857142857142854
466.jpg,15,9,5,1,40.0
467.jpg,16,9,5,2,43.75
468.jpg,25,19,5,1,24.0
469.jpg,13,9,3,1,30.76923076923077
470.jpg,16,9,5,2,43.75
471.jpg,15,4,8,3,73.33333333333333
472.jpg,11,3,4,4,72.72727272727273
473.jpg,17,8,6,3,52.94117647058824
474.jpg,11,7,3,1,36.36363636363637
475.jpg,9,5,2,2,44.44444444444444
476.jpg,12,8,2,2,33.33333333333333
477.jpg,12,4,6,2,66.66666666666666
478.jpg,17,6,9,2,64.70588235294117
479.jpg,19,8,10,1,57.89473684210527
480.jpg,16,8,7,1,50.0
481.jpg,19,11,7,1,42.10526315789473
482.jpg,15,9,5,1,40.0
483.jpg,18,11,4,3,38.88888888888889
484.jpg,13,7,4,2,46.15384615384615
485.jpg,22,18,3,1,18.181818181818183
486.jpg,16,9,7,0,43.75
487.jpg,18,8,8,2,55.55555555555556
488.jpg,25,13,10,2,48.0
489.jpg,17,12,5,0,29.411764705882355
490.jpg,15,10,5,0,33.33333333333333
491.jpg,15,6,7,2,60.0
492.jpg,20,8,8,4,60.0
493.jpg,19,12,5,2,36.84210526315789
494.jpg,14,4,4,6,71.42857142857143
495.jpg,25,17,6,2,32.0
496.jpg,27,18,7,2,33.33333333333333
497.jpg,22,14,6,2,36.36363636363637
498.jpg,17,8,7,2,52.94117647058824
499.jpg,17,10,6,1,41.17647058823529
500.jpg,12,7,5,0,41.66666666666667
501.jpg,16,7,9,0,56.25
502.jpg,12,4,8,0,66.66666666666666
503.jpg,12,5,7,0,58.333333333333336
504.jpg,15,10,5,0,33.33333333333333
505.jpg,15,3,6,6,80.0
506.jpg,17,10,6,1,41.17647058823529
507.jpg,18,11,7,0,38.88888888888889
508.jpg,13,10,3,0,23.076923076923077
509.jpg,11,10,1,0,9.090909090909092
510.jpg,6,5,1,0,16.666666666666664
511.jpg,17,14,3,0,17.647058823529413
512.jpg,7,7,0,0,0.0
513.jpg,7,5,2,0,28.57142857142857
514.jpg,10,9,1,0,10.0
515.jpg,12,7,4,1,41.66666666666667
516.jpg,19,5,8,6,73.68421052631578
517.jpg,11,10,1,0,9.090909090909092
518.jpg,4,4,0,0,0.0
519.jpg,7,6,1,0,14.285714285714285
520.jpg,11,11,0,0,0.0
521.jpg,12,11,1,0,8.333333333333332
522.jpg,10,8,1,1,20.0
523.jpg,10,9,0,1,10.0
524.jpg,10,9,1,0,10.0
525.jpg,10,6,2,2,40.0
526.jpg,11,9,1,1,18.181818181818183
527.jpg,14,5,5,4,64.28571428571429
528.jpg,9,7,0,2,22.22222222222222
529.jpg,9,9,0,0,0.0
530.jpg,16,12,4,0,25.0
531.jpg,16,14,2,0,12.5
532.jpg,13,11,1,1,15.384615384615385
533.jpg,8,7,0,1,12.5
534.jpg,11,9,1,1,18.181818181818183
535.jpg,7,7,0,0,0.0
536.jpg,11,7,3,1,36.36363636363637
537.jpg,3,3,0,0,0.0
538.jpg,13,6,2,5,53.84615384615385
539.jpg,8,6,2,0,25.0
540.jpg,11,9,2,0,18.181818181818183
541.jpg,15,12,3,0,20.0
542.jpg,12,10,2,0,16.666666666666664
543.jpg,5,4,1,0,20.0
544.jpg,10,9,0,1,10.0
545.jpg,10,10,0,0,0.0
546.jpg,7,7,0,0,0.0
547.jpg,7,7,0,0,0.0
548.jpg,10,10,0,0,0.0
549.jpg,13,8,3,2,38.46153846153847
550.jpg,11,10,1,0,9.090909090909092
551.jpg,7,4,3,0,42.857142857142854
552.jpg,15,12,2,1,20.0
553.jpg,12,7,5,0,41.66666666666667
554.jpg,6,5,1,0,16.666666666666664
555.jpg,8,8,0,0,0.0
556.jpg,8,6,2,0,25.0
557.jpg,9,8,1,0,11.11111111111111
558.jpg,4,4,0,0,0.0
559.jpg,10,10,0,0,0.0
560.jpg,11,4,3,4,63.63636363636363
561.jpg,16,16,0,0,0.0
562.jpg,12,11,1,0,8.333333333333332
563.jpg,9,8,1,0,11.11111111111111
564.jpg,10,7,2,1,30.0
565.jpg,13,6,3,4,53.84615384615385
566.jpg,13,9,1,3,30.76923076923077
567.jpg,11,8,1,2,27.27272727272727
568.jpg,16,12,2,2,25.0
569.jpg,13,7,4,2,46.15384615384615
570.jpg,15,9,5,1,40.0
571.jpg,9,4,0,5,55.55555555555556
572.jpg,7,2,4,1,71.42857142857143
573.jpg,13,12,1,0,7.6923076923076925
574.jpg,9,8,1,0,11.11111111111111
575.jpg,10,6,3,1,40.0
576.jpg,11,10,1,0,9.090909090909092
577.jpg,9,7,2,0,22.22222222222222
578.jpg,7,6,1,0,14.285714285714285
579.jpg,11,7,3,1,36.36363636363637
580.jpg,12,7,5,0,41.66666666666667
581.jpg,11,3,7,1,72.72727272727273
582.jpg,14,10,4,0,28.57142857142857
583.jpg,8,3,4,1,62.5
584.jpg,5,4,1,0,20.0
585.jpg,5,3,2,0,40.0
586.jpg,18,13,4,1,27.77777777777778
587.jpg,14,7,5,2,50.0
588.jpg,4,4,0,0,0.0
589.jpg,7,6,1,0,14.285714285714285
590.jpg,7,5,2,0,28.57142857142857
591.jpg,10,7,2,1,30.0
592.jpg,13,12,1,0,7.6923076923076925
593.jpg,11,5,3,3,54.54545454545454
594.jpg,3,2,1,0,33.33333333333333
595.jpg,6,4,2,0,33.33333333333333
596.jpg,11,8,3,0,27.27272727272727
597.jpg,8,7,1,0,12.5
598.jpg,10,6,3,1,40.0
599.jpg,9,9,0,0,0.0
600.jpg,5,5,0,0,0.0
601.jpg,6,5,1,0,16.666666666666664
602.jpg,6,5,1,0,16.666666666666664
603.jpg,5,5,0,0,0.0
604.jpg,10,2,3,5,80.0
605.jpg,9,6,2,1,33.33333333333333
606.jpg,3,2,1,0,33.33333333333333
607.jpg,7,3,3,1,57.14285714285714
608.jpg,7,3,4,0,57.14285714285714
609.jpg,12,10,2,0,16.666666666666664
610.jpg,11,8,3,0,27.27272727272727
611.jpg,12,8,3,1,33.33333333333333
612.jpg,9,8,1,0,11.11111111111111
613.jpg,11,10,1,0,9.090909090909092
614.jpg,8,6,1,1,25.0
615.jpg,14,5,5,4,64.28571428571429
616.jpg,10,8,2,0,20.0
617.jpg,10,9,1,0,10.0
618.jpg,9,8,1,0,11.11111111111111
619.jpg,8,6,2,0,25.0
620.jpg,10,8,1,1,20.0
621.jpg,12,9,3,0,25.0
622.jpg,13,10,2,1,23.076923076923077
623.jpg,9,8,1,0,11.11111111111111
624.jpg,6,4,2,0,33.33333333333333
625.jpg,6,4,2,0,33.33333333333333
626.jpg,7,2,2,3,71.42857142857143
627.jpg,10,8,2,0,20.0
628.jpg,11,8,3,0,27.27272727272727
629.jpg,11,7,3,1,36.36363636363637
630.jpg,11,9,2,0,18.181818181818183
631.jpg,11,9,2,0,18.181818181818183
632.jpg,7,5,2,0,28.57142857142857
633.jpg,10,8,2,0,20.0
634.jpg,7,4,3,0,42.857142857142854
635.jpg,11,8,3,0,27.27272727272727
636.jpg,12,9,3,0,25.0
637.jpg,8,5,3,0,37.5
638.jpg,7,5,1,1,28.57142857142857
639.jpg,12,7,4,1,41.66666666666667
640.jpg,11,6,5,0,45.45454545454545
641.jpg,9,3,6,0,66.66666666666666
642.jpg,10,9,1,0,10.0
643.jpg,9,7,2,0,22.22222222222222
644.jpg,6,4,2,0,33.33333333333333
645.jpg,7,6,1,0,14.285714285714285
646.jpg,10,9,1,0,10.0
647.jpg,10,9,1,0,10.0
648.jpg,9,4,1,4,55.55555555555556
649.jpg,14,13,1,0,7.142857142857142
650.jpg,11,10,1,0,9.090909090909092
651.jpg,12,9,3,0,25.0
652.jpg,11,10,1,0,9.090909090909092
653.jpg,11,9,2,0,18.181818181818183
654.jpg,10,7,3,0,30.0
655.jpg,8,5,2,1,37.5
656.jpg,15,14,1,0,6.666666666666667
657.jpg,9,8,1,0,11.11111111111111
658.jpg,3,2,1,0,33.33333333333333
659.jpg,11,5,3,3,54.54545454545454
660.jpg,9,8,1,0,11.11111111111111
661.jpg,10,7,3,0,30.0
662.jpg,6,5,1,0,16.666666666666664
663.jpg,7,5,1,1,28.57142857142857
664.jpg,12,10,2,0,16.666666666666664
665.jpg,9,8,1,0,11.11111111111111
666.jpg,7,6,1,0,14.285714285714285
667.jpg,3,2,1,0,33.33333333333333
668.jpg,8,5,2,1,37.5
669.jpg,10,9,1,0,10.0
670.jpg,13,7,5,1,46.15384615384615
671.jpg,15,13,2,0,13.333333333333334
672.jpg,9,7,1,1,22.22222222222222
673.jpg,8,7,1,0,12.5
674.jpg,11,9,2,0,18.181818181818183
675.jpg,13,10,1,2,23.076923076923077
676.jpg,16,10,5,1,37.5
677.jpg,15,9,4,2,40.0
678.jpg,10,3,4,3,70.0
679.jpg,9,1,5,3,88.88888888888889
680.jpg,12,6,4,2,50.0
681.jpg,12,6,5,1,50.0
682.jpg,9,4,3,2,55.55555555555556
683.jpg,8,3,4,1,62.5
684.jpg,15,9,5,1,40.0
685.jpg,12,7,4,1,41.66666666666667
686.jpg,9,6,2,1,33.33333333333333
687.jpg,2,1,1,0,50.0
688.jpg,8,7,1,0,12.5
689.jpg,3,2,0,1,33.33333333333333
690.jpg,4,3,1,0,25.0
691.jpg,5,5,0,0,0.0
692.jpg,14,6,5,3,57.14285714285714
693.jpg,9,5,4,0,44.44444444444444
694.jpg,12,6,4,2,50.0
695.jpg,13,5,6,2,61.53846153846154
696.jpg,1,0,1,0,100.0
697.jpg,9,5,3,1,44.44444444444444
698.jpg,14,9,4,1,35.714285714285715
699.jpg,5,2,3,0,60.0
700.jpg,10,9,0,1,10.0
701.jpg,5,3,1,1,40.0
702.jpg,4,4,0,0,0.0
703.jpg,14,4,5,5,71.42857142857143
704.jpg,10,8,1,1,20.0
705.jpg,11,4,5,2,63.63636363636363
706.jpg,5,2,2,1,60.0
707.jpg,11,9,2,0,18.181818181818183
708.jpg,4,1,3,0,75.0
709.jpg,13,5,8,0,61.53846153846154
710.jpg,8,5,3,0,37.5
711.jpg,8,6,1,1,25.0
712.jpg,2,2,0,0,0.0
713.jpg,6,4,1,1,33.33333333333333
714.jpg,16,5,8,3,68.75
715.jpg,5,2,3,0,60.0
716.jpg,3,2,0,1,33.33333333333333
717.jpg,3,3,0,0,0.0
718.jpg,2,1,1,0,50.0
719.jpg,9,5,3,1,44.44444444444444
720.jpg,8,8,0,0,0.0
721.jpg,7,6,1,0,14.285714285714285
722.jpg,9,7,2,0,22.22222222222222
723.jpg,9,7,2,0,22.22222222222222
724.jpg,8,6,2,0,25.0
725.jpg,10,5,2,3,50.0
726.jpg,13,10,2,1,23.076923076923077
727.jpg,3,2,1,0,33.33333333333333
728.jpg,6,3,3,0,50.0
729.jpg,9,5,4,0,44.44444444444444
730.jpg,9,9,0,0,0.0
731.jpg,5,5,0,0,0.0
732.jpg,4,3,1,0,25.0
733.jpg,11,10,1,0,9.090909090909092
734.jpg,11,9,2,0,18.181818181818183
735.jpg,3,2,1,0,33.33333333333333
736.jpg,10,6,3,1,40.0
737.jpg,5,5,0,0,0.0
738.jpg,10,4,6,0,60.0
739.jpg,9,8,1,0,11.11111111111111
740.jpg,8,7,1,0,12.5
741.jpg,9,7,2,0,22.22222222222222
742.jpg,10,9,1,0,10.0
743.jpg,11,10,1,0,9.090909090909092
744.jpg,11,9,2,0,18.181818181818183
745.jpg,6,3,2,1,50.0
746.jpg,10,8,1,1,20.0
747.jpg,15,5,7,3,66.66666666666666
748.jpg,10,9,1,0,10.0
749.jpg,7,4,3,0,42.857142857142854
750.jpg,7,6,1,0,14.285714285714285
751.jpg,8,7,1,0,12.5
752.jpg,10,9,1,0,10.0
753.jpg,12,10,2,0,16.666666666666664
754.jpg,12,9,2,1,25.0
755.jpg,7,5,2,0,28.57142857142857
756.jpg,6,5,1,0,16.666666666666664
757.jpg,8,4,3,1,50.0
758.jpg,16,5,7,4,68.75
759.jpg,8,5,3,0,37.5
760.jpg,8,7,1,0,12.5
761.jpg,7,6,1,0,14.285714285714285
762.jpg,9,6,2,1,33.33333333333333
763.jpg,10,6,3,1,40.0
764.jpg,16,11,4,1,31.25
765.jpg,10,8,2,0,20.0
766.jpg,4,3,1,0,25.0
767.jpg,15,8,6,1,46.666666666666664
768.jpg,15,9,5,1,40.0
769.jpg,11,5,4,2,54.54545454545454
770.jpg,6,3,1,2,50.0
771.jpg,4,3,1,0,25.0
772.jpg,14,10,4,0,28.57142857142857
773.jpg,10,6,4,0,40.0
774.jpg,13,9,3,1,30.76923076923077
775.jpg,8,7,1,0,12.5
776.jpg,10,10,0,0,0.0
777.jpg,12,11,1,0,8.333333333333332
778.jpg,10,9,1,0,10.0
779.jpg,5,3,1,1,40.0
780.jpg,11,4,3,4,63.63636363636363
781.jpg,10,9,1,0,10.0
782.jpg,5,4,1,0,20.0
783.jpg,11,6,4,1,45.45454545454545
784.jpg,7,5,2,0,28.57142857142857
785.jpg,7,5,1,1,28.57142857142857
786.jpg,9,8,1,0,11.11111111111111
787.jpg,6,4,2,0,33.33333333333333
788.jpg,9,3,5,1,66.66666666666666
789.jpg,10,9,1,0,10.0
790.jpg,7,6,1,0,14.285714285714285
791.jpg,8,3,3,2,62.5
792.jpg,9,8,1,0,11.11111111111111
793.jpg,11,7,4,0,36.36363636363637
794.jpg,12,9,3,0,25.0
795.jpg,11,9,2,0,18.181818181818183
796.jpg,4,3,1,0,25.0
797.jpg,10,8,2,0,20.0
798.jpg,4,3,1,0,25.0
799.jpg,10,8,2,0,20.0
800.jpg,3,2,1,0,33.33333333333333
801.jpg,9,6,3,0,33.33333333333333
802.jpg,11,4,4,3,63.63636363636363
803.jpg,8,4,4,0,50.0
804.jpg,9,6,3,0,33.33333333333333
805.jpg,9,8,1,0,11.11111111111111
806.jpg,11,10,1,0,9.090909090909092
807.jpg,8,4,3,1,50.0
808.jpg,9,5,4,0,44.44444444444444
809.jpg,11,9,2,0,18.181818181818183
810.jpg,8,6,2,0,25.0
811.jpg,9,8,1,0,11.11111111111111
812.jpg,9,4,5,0,55.55555555555556
813.jpg,7,1,2,4,85.71428571428571
814.jpg,14,9,5,0,35.714285714285715
815.jpg,7,4,3,0,42.857142857142854
816.jpg,13,9,3,1,30.76923076923077
817.jpg,12,3,7,2,75.0
818.jpg,14,5,6,3,64.28571428571429
819.jpg,10,5,5,0,50.0
820.jpg,12,10,2,0,16.666666666666664
821.jpg,9,7,2,0,22.22222222222222
822.jpg,12,4,6,2,66.66666666666666
823.jpg,10,7,1,2,30.0
824.jpg,10,4,3,3,60.0
825.jpg,6,1,5,0,83.33333333333334
826.jpg,7,2,5,0,71.42857142857143
827.jpg,11,4,7,0,63.63636363636363
828.jpg,8,3,5,0,62.5
829.jpg,7,4,3,0,42.857142857142854
830.jpg,5,4,1,0,20.0
831.jpg,7,3,4,0,57.14285714285714
832.jpg,13,5,7,1,61.53846153846154
833.jpg,10,4,5,1,60.0
834.jpg,5,3,2,0,40.0
835.jpg,12,7,4,1,41.66666666666667
836.jpg,7,2,4,1,71.42857142857143
837.jpg,8,3,4,1,62.5
838.jpg,9,2,5,2,77.77777777777779
839.jpg,13,11,2,0,15.384615384615385
840.jpg,14,7,5,2,50.0
841.jpg,13,4,8,1,69.23076923076923
842.jpg,18,7,10,1,61.111111111111114
843.jpg,12,5,6,1,58.333333333333336
844.jpg,4,1,3,0,75.0
845.jpg,12,9,2,1,25.0
846.jpg,17,12,4,1,29.411764705882355
847.jpg,8,1,5,2,87.5
848.jpg,7,1,5,1,85.71428571428571
849.jpg,8,4,3,1,50.0
850.jpg,11,6,4,1,45.45454545454545
851.jpg,11,3,7,1,72.72727272727273
852.jpg,12,7,5,0,41.66666666666667
853.jpg,12,11,1,0,8.333333333333332
854.jpg,6,3,3,0,50.0
855.jpg,16,11,5,0,31.25
856.jpg,17,9,6,2,47.05882352941176
857.jpg,14,7,6,1,50.0
858.jpg,11,7,4,0,36.36363636363637
859.jpg,8,4,4,0,50.0
860.jpg,10,7,3,0,30.0
861.jpg,11,7,4,0,36.36363636363637
862.jpg,13,7,4,2,46.15384615384615
863.jpg,12,10,2,0,16.666666666666664
864.jpg,7,5,2,0,28.57142857142857
865.jpg,15,9,6,0,40.0
866.jpg,12,6,6,0,50.0
867.jpg,13,8,5,0,38.46153846153847
868.jpg,10,7,2,1,30.0
869.jpg,10,9,1,0,10.0
870.jpg,8,7,1,0,12.5
871.jpg,7,4,3,0,42.857142857142854
872.jpg,6,2,3,1,66.66666666666666
873.jpg,10,7,3,0,30.0
874.jpg,6,3,3,0,50.0
875.jpg,10,6,3,1,40.0
876.jpg,10,4,6,0,60.0
877.jpg,13,6,6,1,53.84615384615385
878.jpg,8,6,1,1,25.0
879.jpg,15,10,5,0,33.33333333333333
880.jpg,11,8,3,0,27.27272727272727
881.jpg,9,3,5,1,66.66666666666666
882.jpg,9,1,7,1,88.88888888888889
883.jpg,6,5,1,0,16.666666666666664
884.jpg,7,5,1,1,28.57142857142857
885.jpg,9,0,7,2,100.0
886.jpg,12,2,8,2,83.33333333333334
887.jpg,8,1,5,2,87.5
888.jpg,9,6,3,0,33.33333333333333
889.jpg,6,3,3,0,50.0
890.jpg,14,6,6,2,57.14285714285714
891.jpg,14,8,6,0,42.857142857142854
892.jpg,13,4,7,2,69.23076923076923
893.jpg,10,7,3,0,30.0
894.jpg,9,6,3,0,33.33333333333333
895.jpg,6,3,3,0,50.0
896.jpg,10,1,7,2,90.0
897.jpg,8,4,4,0,50.0
898.jpg,9,4,4,1,55.55555555555556
899.jpg,12,4,7,1,66.66666666666666
900.jpg,17,4,11,2,76.47058823529412
901.jpg,14,6,7,1,57.14285714285714
902.jpg,16,6,9,1,62.5
903.jpg,13,8,4,1,38.46153846153847
904.jpg,11,8,3,0,27.27272727272727
905.jpg,8,4,3,1,50.0
906.jpg,6,0,5,1,100.0
907.jpg,14,8,6,0,42.857142857142854
908.jpg,14,7,6,1,50.0
909.jpg,14,7,7,0,50.0
910.jpg,13,2,11,0,84.61538461538461
911.jpg,19,6,12,1,68.42105263157895
912.jpg,12,4,5,3,66.66666666666666
913.jpg,18,8,8,2,55.55555555555556
914.jpg,16,11,4,1,31.25
915.jpg,17,10,6,1,41.17647058823529
916.jpg,17,8,7,2,52.94117647058824
917.jpg,14,7,5,2,50.0
918.jpg,7,5,2,0,28.57142857142857
919.jpg,7,4,2,1,42.857142857142854
920.jpg,5,3,2,0,40.0
921.jpg,12,8,3,1,33.33333333333333
922.jpg,7,6,1,0,14.285714285714285
923.jpg,14,9,4,1,35.714285714285715
924.jpg,12,11,1,0,8.333333333333332
925.jpg,10,8,2,0,20.0
926.jpg,11,9,2,0,18.181818181818183
927.jpg,11,7,4,0,36.36363636363637
928.jpg,7,6,1,0,14.285714285714285
929.jpg,8,6,2,0,25.0
930.jpg,10,5,4,1,50.0
931.jpg,15,8,6,1,46.666666666666664
932.jpg,17,10,6,1,41.17647058823529
933.jpg,4,2,2,0,50.0
934.jpg,14,8,4,2,42.857142857142854
935.jpg,7,3,4,0,57.14285714285714
936.jpg,5,2,3,0,60.0
937.jpg,6,5,1,0,16.666666666666664
938.jpg,6,5,1,0,16.666666666666664
939.jpg,9,5,4,0,44.44444444444444
940.jpg,9,7,2,0,22.22222222222222
941.jpg,11,9,2,0,18.181818181818183
942.jpg,9,5,4,0,44.44444444444444
943.jpg,15,12,3,0,20.0
944.jpg,13,9,4,0,30.76923076923077
945.jpg,15,5,7,3,66.66666666666666
946.jpg,5,3,2,0,40.0
947.jpg,16,12,4,0,25.0
948.jpg,7,5,2,0,28.57142857142857
949.jpg,8,6,2,0,25.0
950.jpg,12,11,1,0,8.333333333333332
951.jpg,12,11,1,0,8.333333333333332
952.jpg,10,9,1,0,10.0
953.jpg,10,9,1,0,10.0
954.jpg,11,10,1,0,9.090909090909092
955.jpg,7,6,1,0,14.285714285714285
956.jpg,15,7,6,2,53.333333333333336
957.jpg,7,6,1,0,14.285714285714285
958.jpg,7,4,3,0,42.857142857142854
959.jpg,14,11,2,1,21.428571428571427
960.jpg,14,11,3,0,21.428571428571427
961.jpg,11,10,1,0,9.090909090909092
962.jpg,6,4,2,0,33.33333333333333
963.jpg,6,4,2,0,33.33333333333333
964.jpg,11,9,2,0,18.181818181818183
965.jpg,17,14,3,0,17.647058823529413
966.jpg,8,7,1,0,12.5
967.jpg,16,11,4,1,31.25
968.jpg,7,3,4,0,57.14285714285714
969.jpg,16,12,4,0,25.0
970.jpg,12,8,2,2,33.33333333333333
971.jpg,5,4,1,0,20.0
972.jpg,4,2,2,0,50.0
973.jpg,6,4,2,0,33.33333333333333
974.jpg,18,15,3,0,16.666666666666664
975.jpg,10,8,2,0,20.0
976.jpg,13,11,2,0,15.384615384615385
977.jpg,16,13,3,0,18.75
978.jpg,15,9,4,2,40.0
979.jpg,14,10,3,1,28.57142857142857
980.jpg,18,15,2,1,16.666666666666664
981.jpg,9,6,3,0,33.33333333333333
982.jpg,16,14,2,0,12.5
983.jpg,11,9,2,0,18.181818181818183
984.jpg,15,11,4,0,26.666666666666668
985.jpg,16,7,6,3,56.25
986.jpg,16,7,6,3,56.25
987.jpg,13,3,8,2,76.92307692307693
988.jpg,18,7,9,2,61.111111111111114
989.jpg,15,9,4,2,40.0
990.jpg,16,10,4,2,37.5
991.jpg,11,8,2,1,27.27272727272727
992.jpg,10,8,1,1,20.0
993.jpg,17,12,3,2,29.411764705882355
994.jpg,17,10,5,2,41.17647058823529
995.jpg,17,8,6,3,52.94117647058824
996.jpg,18,9,6,3,50.0
997.jpg,14,10,0,4,28.57142857142857
998.jpg,9,5,1,3,44.44444444444444
999.jpg,7,2,2,3,71.42857142857143
1000.jpg,9,2,3,4,77.77777777777779
1001.jpg,8,5,3,0,37.5
1002.jpg,10,4,4,2,60.0
1003.jpg,9,3,3,3,66.66666666666666
1004.jpg,8,2,4,2,75.0
1005.jpg,8,3,2,3,62.5
1006.jpg,12,9,1,2,25.0
1007.jpg,8,4,2,2,50.0
1008.jpg,11,7,2,2,36.36363636363637
1009.jpg,19,9,7,3,52.63157894736842
1010.jpg,13,7,4,2,46.15384615384615
1011.jpg,11,7,2,2,36.36363636363637
1012.jpg,6,2,1,3,66.66666666666666
1013.jpg,12,6,3,3,50.0
1014.jpg,15,8,3,4,46.666666666666664
1015.jpg,16,11,4,1,31.25
1016.jpg,13,10,2,1,23.076923076923077
1017.jpg,9,2,4,3,77.77777777777779
1018.jpg,11,2,5,4,81.81818181818183
1019.jpg,12,3,5,4,75.0
1020.jpg,8,4,1,3,50.0
1021.jpg,5,3,1,1,40.0
1022.jpg,7,4,2,1,42.857142857142854
1023.jpg,7,5,1,1,28.57142857142857
1024.jpg,12,6,3,3,50.0
1025.jpg,7,4,2,1,42.857142857142854
1026.jpg,15,7,7,1,53.333333333333336
1027.jpg,14,8,4,2,42.857142857142854
1028.jpg,11,5,4,2,54.54545454545454
1029.jpg,13,9,1,3,30.76923076923077
1030.jpg,14,10,1,3,28.57142857142857
1031.jpg,7,3,1,3,57.14285714285714
1032.jpg,14,7,3,4,50.0
1033.jpg,11,8,1,2,27.27272727272727
1034.jpg,15,7,4,4,53.333333333333336
1035.jpg,11,6,3,2,45.45454545454545
1036.jpg,15,7,5,3,53.333333333333336
1037.jpg,11,4,3,4,63.63636363636363
1038.jpg,13,8,3,2,38.46153846153847
1039.jpg,12,6,3,3,50.0
1040.jpg,12,4,4,4,66.66666666666666
1041.jpg,14,7,5,2,50.0
1042.jpg,10,4,5,1,60.0
1043.jpg,15,5,6,4,66.66666666666666
1044.jpg,16,5,7,4,68.75
1045.jpg,15,3,7,5,80.0
1046.jpg,7,4,2,1,42.857142857142854
1047.jpg,6,2,1,3,66.66666666666666
1048.jpg,12,8,2,2,33.33333333333333
1049.jpg,11,6,2,3,45.45454545454545
1050.jpg,17,13,2,2,23.52941176470588
1051.jpg,11,6,2,3,45.45454545454545
1052.jpg,5,3,0,2,40.0
1053.jpg,10,6,1,3,40.0
1054.jpg,9,7,0,2,22.22222222222222
1055.jpg,13,7,2,4,46.15384615384615
1056.jpg,12,6,3,3,50.0
1057.jpg,14,8,4,2,42.857142857142854
1058.jpg,9,1,5,3,88.88888888888889
1059.jpg,12,9,2,1,25.0
1060.jpg,5,2,1,2,60.0
1061.jpg,12,5,3,4,58.333333333333336
1062.jpg,16,6,4,6,62.5
1063.jpg,16,8,4,4,50.0
1064.jpg,12,3,3,6,75.0
1065.jpg,12,7,1,4,41.66666666666667
1066.jpg,12,6,2,4,50.0
1067.jpg,7,2,2,3,71.42857142857143
1068.jpg,9,4,3,2,55.55555555555556
1069.jpg,9,5,3,1,44.44444444444444
1070.jpg,14,4,6,4,71.42857142857143
1071.jpg,10,4,4,2,60.0
1072.jpg,10,4,4,2,60.0
1073.jpg,8,6,1,1,25.0
1074.jpg,11,6,2,3,45.45454545454545
1075.jpg,16,13,0,3,18.75
1076.jpg,10,6,1,3,40.0
1077.jpg,7,3,3,1,57.14285714285714
1078.jpg,6,1,4,1,83.33333333333334
1079.jpg,5,1,3,1,80.0
1080.jpg,12,9,0,3,25.0
1081.jpg,10,2,6,2,80.0
1082.jpg,12,5,6,1,58.333333333333336
1083.jpg,11,5,5,1,54.54545454545454
1084.jpg,10,7,2,1,30.0
1085.jpg,10,5,4,1,50.0
1086.jpg,10,2,6,2,80.0
1087.jpg,8,1,6,1,87.5
1088.jpg,7,2,4,1,71.42857142857143
1089.jpg,10,3,6,1,70.0
1090.jpg,12,4,6,2,66.66666666666666
1091.jpg,5,3,0,2,40.0
1092.jpg,13,6,5,2,53.84615384615385
1093.jpg,6,0,4,2,100.0
1094.jpg,10,5,2,3,50.0
1095.jpg,9,3,2,4,66.66666666666666
1096.jpg,13,3,6,4,76.92307692307693
1097.jpg,4,0,3,1,100.0
1098.jpg,7,2,4,1,71.42857142857143
1099.jpg,11,4,3,4,63.63636363636363
1100.jpg,6,0,3,3,100.0
1101.jpg,10,2,4,4,80.0
1102.jpg,9,5,2,2,44.44444444444444
1103.jpg,4,2,1,1,50.0
1104.jpg,11,7,3,1,36.36363636363637
1105.jpg,9,7,0,2,22.22222222222222
1106.jpg,9,6,1,2,33.33333333333333
1107.jpg,10,7,1,2,30.0
1108.jpg,9,7,2,0,22.22222222222222
1109.jpg,6,4,2,0,33.33333333333333
1110.jpg,11,7,3,1,36.36363636363637
1111.jpg,7,5,1,1,28.57142857142857
1112.jpg,6,5,1,0,16.666666666666664
1113.jpg,6,3,1,2,50.0
1114.jpg,5,4,1,0,20.0
1115.jpg,3,2,1,0,33.33333333333333
1116.jpg,3,1,1,1,66.66666666666666
1117.jpg,7,6,0,1,14.285714285714285
1118.jpg,4,3,0,1,25.0
1119.jpg,3,2,1,0,33.33333333333333
1120.jpg,7,6,1,0,14.285714285714285
1121.jpg,7,5,2,0,28.57142857142857
1122.jpg,6,5,1,0,16.666666666666664
1123.jpg,6,5,1,0,16.666666666666664
1124.jpg,10,7,2,1,30.0
1125.jpg,8,4,4,0,50.0
1126.jpg,7,5,1,1,28.57142857142857
1127.jpg,7,6,1,0,14.285714285714285
1128.jpg,2,0,2,0,100.0
1129.jpg,5,2,3,0,60.0
1130.jpg,10,3,5,2,70.0
1131.jpg,10,6,4,0,40.0
1132.jpg,5,3,1,1,40.0
1133.jpg,7,6,1,0,14.285714285714285
1134.jpg,7,6,1,0,14.285714285714285
1135.jpg,8,4,2,2,50.0
1136.jpg,6,3,3,0,50.0
1137.jpg,4,3,1,0,25.0
1138.jpg,3,0,3,0,100.0
1139.jpg,3,2,1,0,33.33333333333333
1140.jpg,6,5,1,0,16.666666666666664
1141.jpg,6,4,2,0,33.33333333333333
1142.jpg,4,1,3,0,75.0
1143.jpg,4,1,2,1,75.0
1144.jpg,4,3,1,0,25.0
1145.jpg,3,0,3,0,100.0
1146.jpg,17,11,4,2,35.294117647058826
1147.jpg,4,1,2,1,75.0
1148.jpg,5,0,2,3,100.0
1149.jpg,5,2,3,0,60.0
1150.jpg,3,1,2,0,66.66666666666666
1151.jpg,2,1,0,1,50.0
1152.jpg,5,2,2,1,60.0
1153.jpg,8,6,2,0,25.0
1154.jpg,5,0,5,0,100.0
1155.jpg,4,0,3,1,100.0
1156.jpg,4,3,1,0,25.0
1157.jpg,16,8,5,3,50.0
1158.jpg,1,0,1,0,100.0
1159.jpg,2,0,1,1,100.0
1160.jpg,6,4,2,0,33.33333333333333
1161.jpg,5,3,2,0,40.0
1162.jpg,8,6,2,0,25.0
1163.jpg,8,7,1,0,12.5
1164.jpg,6,2,3,1,66.66666666666666
1165.jpg,9,6,2,1,33.33333333333333
1166.jpg,11,7,3,1,36.36363636363637
1167.jpg,4,3,1,0,25.0
1168.jpg,15,6,6,3,60.0
1169.jpg,7,4,3,0,42.857142857142854
1170.jpg,6,3,3,0,50.0
1171.jpg,12,8,3,1,33.33333333333333
1172.jpg,9,6,2,1,33.33333333333333
1173.jpg,9,5,4,0,44.44444444444444
1174.jpg,7,2,5,0,71.42857142857143
1175.jpg,7,4,3,0,42.857142857142854
1176.jpg,5,3,2,0,40.0
1177.jpg,4,3,1,0,25.0
1178.jpg,4,3,1,0,25.0
1179.jpg,9,6,2,1,33.33333333333333
1180.jpg,5,3,2,0,40.0
1181.jpg,2,1,1,0,50.0
1182.jpg,6,3,3,0,50.0
1183.jpg,6,2,3,1,66.66666666666666
1184.jpg,8,4,3,1,50.0
1185.jpg,7,3,4,0,57.14285714285714
1186.jpg,9,6,2,1,33.33333333333333
1187.jpg,5,4,1,0,20.0
1188.jpg,8,6,2,0,25.0
1189.jpg,3,2,1,0,33.33333333333333
1190.jpg,5,5,0,0,0.0
1191.jpg,2,1,1,0,50.0
1192.jpg,7,4,3,0,42.857142857142854
1193.jpg,7,3,4,0,57.14285714285714
1194.jpg,4,1,3,0,75.0
1195.jpg,4,0,4,0,100.0
1196.jpg,4,2,1,1,50.0
1197.jpg,8,7,1,0,12.5
1198.jpg,6,5,1,0,16.666666666666664
1199.jpg,8,7,1,0,12.5
1200.jpg,4,0,3,1,100.0
1201.jpg,4,4,0,0,0.0
1202.jpg,1,0,1,0,100.0
1203.jpg,6,4,1,1,33.33333333333333
1204.jpg,3,0,2,1,100.0
1205.jpg,7,4,2,1,42.857142857142854
1206.jpg,6,3,2,1,50.0
1207.jpg,2,1,0,1,50.0
1208.jpg,6,5,0,1,16.666666666666664
1209.jpg,8,7,0,1,12.5
1210.jpg,10,8,1,1,20.0
1211.jpg,7,3,3,1,57.14285714285714
1212.jpg,10,8,2,0,20.0
1213.jpg,7,3,4,0,57.14285714285714
1214.jpg,9,6,3,0,33.33333333333333
1215.jpg,12,5,5,2,58.333333333333336
1216.jpg,11,9,2,0,18.181818181818183
1217.jpg,3,2,0,1,33.33333333333333
1218.jpg,7,4,1,2,42.857142857142854
1219.jpg,10,7,0,3,30.0
1220.jpg,6,3,1,2,50.0
1221.jpg,6,4,1,1,33.33333333333333
1222.jpg,10,8,1,1,20.0
1223.jpg,9,5,3,1,44.44444444444444
1224.jpg,10,7,2,1,30.0
1225.jpg,9,6,2,1,33.33333333333333
1226.jpg,8,3,4,1,62.5
1227.jpg,5,3,1,1,40.0
1228.jpg,8,5,1,2,37.5
1229.jpg,8,4,3,1,50.0
1230.jpg,5,3,1,1,40.0
1231.jpg,3,1,1,1,66.66666666666666
1232.jpg,5,1,3,1,80.0
1233.jpg,7,1,5,1,85.71428571428571
1234.jpg,8,8,0,0,0.0
1235.jpg,10,4,4,2,60.0
1236.jpg,8,3,3,2,62.5
1237.jpg,8,4,3,1,50.0
1238.jpg,5,1,3,1,80.0
1239.jpg,7,2,3,2,71.42857142857143
1240.jpg,9,1,3,5,88.88888888888889
1241.jpg,6,2,3,1,66.66666666666666
1242.jpg,7,4,2,1,42.857142857142854
1243.jpg,6,3,1,2,50.0
1244.jpg,6,0,3,3,100.0
1245.jpg,6,6,0,0,0.0
1246.jpg,6,2,2,2,66.66666666666666
1247.jpg,4,3,0,1,25.0
1248.jpg,9,7,1,1,22.22222222222222
1249.jpg,12,9,2,1,25.0
1250.jpg,8,8,0,0,0.0
1251.jpg,10,6,3,1,40.0
1252.jpg,12,5,4,3,58.333333333333336
1253.jpg,9,2,4,3,77.77777777777779
1254.jpg,8,3,5,0,62.5
1255.jpg,5,2,2,1,60.0
1256.jpg,9,6,2,1,33.33333333333333
1257.jpg,10,3,5,2,70.0
1258.jpg,8,5,1,2,37.5
1259.jpg,9,4,4,1,55.55555555555556
1260.jpg,5,2,3,0,60.0
1261.jpg,8,3,4,1,62.5
1262.jpg,10,6,4,0,40.0
1263.jpg,7,3,3,1,57.14285714285714
1264.jpg,6,2,1,3,66.66666666666666
1265.jpg,4,1,1,2,75.0
1266.jpg,6,2,3,1,66.66666666666666
1267.jpg,7,4,2,1,42.857142857142854
1268.jpg,5,3,1,1,40.0
1269.jpg,5,2,2,1,60.0
1270.jpg,2,1,1,0,50.0
1271.jpg,8,5,1,2,37.5
1272.jpg,10,6,2,2,40.0
1273.jpg,10,5,2,3,50.0
1274.jpg,9,4,3,2,55.55555555555556
1275.jpg,7,2,3,2,71.42857142857143
1276.jpg,8,5,1,2,37.5
1277.jpg,7,1,4,2,85.71428571428571
1278.jpg,8,6,2,0,25.0
1279.jpg,10,7,2,1,30.0
1280.jpg,6,4,1,1,33.33333333333333
1281.jpg,8,3,3,2,62.5
1282.jpg,11,2,6,3,81.81818181818183
1283.jpg,10,3,5,2,70.0
1284.jpg,9,4,3,2,55.55555555555556
1285.jpg,12,8,3,1,33.33333333333333
1286.jpg,15,8,4,3,46.666666666666664
1287.jpg,12,4,6,2,66.66666666666666
1288.jpg,11,7,1,3,36.36363636363637
1289.jpg,9,6,1,2,33.33333333333333
1290.jpg,5,3,0,2,40.0
1291.jpg,11,9,1,1,18.181818181818183
1292.jpg,12,4,4,4,66.66666666666666
1293.jpg,8,3,3,2,62.5
1294.jpg,12,8,3,1,33.33333333333333
1295.jpg,12,8,2,2,33.33333333333333
1296.jpg,12,7,2,3,41.66666666666667
1297.jpg,10,2,4,4,80.0
1298.jpg,15,10,4,1,33.33333333333333
1299.jpg,11,7,2,2,36.36363636363637
1300.jpg,9,8,0,1,11.11111111111111
1301.jpg,17,10,4,3,41.17647058823529
1302.jpg,12,6,4,2,50.0
1303.jpg,10,6,3,1,40.0
1304.jpg,10,5,3,2,50.0
1305.jpg,7,4,1,2,42.857142857142854
1306.jpg,7,3,3,1,57.14285714285714
1307.jpg,9,1,4,4,88.88888888888889
1308.jpg,7,4,0,3,42.857142857142854
1309.jpg,8,5,3,0,37.5
1310.jpg,13,8,4,1,38.46153846153847
1311.jpg,9,5,1,3,44.44444444444444
1312.jpg,11,5,5,1,54.54545454545454
1313.jpg,8,4,4,0,50.0
1314.jpg,11,8,2,1,27.27272727272727
1315.jpg,10,8,2,0,20.0
1316.jpg,10,7,3,0,30.0
1317.jpg,6,3,2,1,50.0
1318.jpg,7,7,0,0,0.0
1319.jpg,5,4,1,0,20.0
1320.jpg,10,6,2,2,40.0
1321.jpg,9,5,3,1,44.44444444444444
1322.jpg,11,9,1,1,18.181818181818183
1323.jpg,7,5,1,1,28.57142857142857
1324.jpg,7,6,1,0,14.285714285714285
1325.jpg,8,5,2,1,37.5
1326.jpg,10,3,6,1,70.0
1327.jpg,13,4,8,1,69.23076923076923
1328.jpg,10,5,5,0,50.0
1329.jpg,12,6,5,1,50.0
1330.jpg,14,7,6,1,50.0
1331.jpg,9,1,6,2,88.88888888888889
1332.jpg,10,4,3,3,60.0
1333.jpg,8,7,0,1,12.5
1334.jpg,8,4,3,1,50.0
1335.jpg,11,5,5,1,54.54545454545454
1336.jpg,9,4,3,2,55.55555555555556
1337.jpg,13,6,4,3,53.84615384615385
1338.jpg,9,6,2,1,33.33333333333333
1339.jpg,10,7,0,3,30.0
1340.jpg,13,10,1,2,23.076923076923077
1341.jpg,11,7,2,2,36.36363636363637
1342.jpg,11,7,2,2,36.36363636363637
1343.jpg,13,9,3,1,30.76923076923077
1344.jpg,8,7,1,0,12.5
1345.jpg,16,11,4,1,31.25
1346.jpg,9,5,3,1,44.44444444444444
1347.jpg,12,6,4,2,50.0
1348.jpg,10,6,3,1,40.0
1349.jpg,15,10,4,1,33.33333333333333
1350.jpg,14,8,5,1,42.857142857142854
1351.jpg,14,6,6,2,57.14285714285714
1352.jpg,10,5,3,2,50.0
1353.jpg,9,4,2,3,55.55555555555556
1354.jpg,11,4,3,4,63.63636363636363
1355.jpg,11,10,0,1,9.090909090909092
1356.jpg,14,3,6,5,78.57142857142857
1357.jpg,15,8,3,4,46.666666666666664
1358.jpg,12,6,4,2,50.0
1359.jpg,11,2,5,4,81.81818181818183
1360.jpg,8,3,3,2,62.5
1361.jpg,12,4,4,4,66.66666666666666
1362.jpg,12,6,5,1,50.0
1363.jpg,8,2,3,3,75.0
1364.jpg,7,2,2,3,71.42857142857143
1365.jpg,11,4,4,3,63.63636363636363
1366.jpg,10,10,0,0,0.0
1367.jpg,12,7,1,4,41.66666666666667
1368.jpg,9,4,2,3,55.55555555555556
1369.jpg,9,3,2,4,66.66666666666666
1370.jpg,7,2,2,3,71.42857142857143
1371.jpg,9,3,3,3,66.66666666666666
1372.jpg,8,3,3,2,62.5
1373.jpg,8,1,5,2,87.5
1374.jpg,11,3,5,3,72.72727272727273
1375.jpg,11,1,7,3,90.9090909090909
1376.jpg,14,7,6,1,50.0
1377.jpg,13,11,0,2,15.384615384615385
1378.jpg,13,5,7,1,61.53846153846154
1379.jpg,14,8,5,1,42.857142857142854
1380.jpg,13,3,9,1,76.92307692307693
1381.jpg,14,7,5,2,50.0
1382.jpg,13,6,3,4,53.84615384615385
1383.jpg,11,7,1,3,36.36363636363637
1384.jpg,9,6,1,2,33.33333333333333
1385.jpg,10,9,0,1,10.0
1386.jpg,11,6,4,1,45.45454545454545
1387.jpg,8,3,3,2,62.5
1388.jpg,10,6,2,2,40.0
1389.jpg,5,4,0,1,20.0
1390.jpg,6,4,1,1,33.33333333333333
1391.jpg,11,9,0,2,18.181818181818183
1392.jpg,12,9,2,1,25.0
1393.jpg,4,2,1,1,50.0
1394.jpg,11,5,3,3,54.54545454545454
1395.jpg,13,5,4,4,61.53846153846154
1396.jpg,14,8,2,4,42.857142857142854
1397.jpg,12,7,1,4,41.66666666666667
1398.jpg,13,6,3,4,53.84615384615385
1399.jpg,12,4,3,5,66.66666666666666
1400.jpg,17,6,6,5,64.70588235294117
1401.jpg,20,7,8,5,65.0
1402.jpg,14,9,3,2,35.714285714285715
1403.jpg,10,3,4,3,70.0
1404.jpg,12,6,4,2,50.0
1405.jpg,8,1,4,3,87.5
1406.jpg,12,8,2,2,33.33333333333333
1407.jpg,12,3,4,5,75.0
1408.jpg,13,5,4,4,61.53846153846154
1409.jpg,10,2,4,4,80.0
1410.jpg,9,2,2,5,77.77777777777779
1411.jpg,9,2,4,3,77.77777777777779
1412.jpg,5,1,1,3,80.0
1413.jpg,6,1,2,3,83.33333333333334
1414.jpg,9,1,5,3,88.88888888888889
1415.jpg,7,0,5,2,100.0
1416.jpg,8,1,3,4,87.5
1417.jpg,9,4,1,4,55.55555555555556
1418.jpg,9,3,5,1,66.66666666666666
1419.jpg,13,2,7,4,84.61538461538461
1420.jpg,12,2,8,2,83.33333333333334
1421.jpg,10,7,2,1,30.0
1422.jpg,12,5,5,2,58.333333333333336
1423.jpg,11,5,5,1,54.54545454545454
1424.jpg,13,5,5,3,61.53846153846154
1425.jpg,16,8,7,1,50.0
1426.jpg,8,4,3,1,50.0
1427.jpg,10,3,4,3,70.0
1428.jpg,12,7,2,3,41.66666666666667
1429.jpg,14,3,10,1,78.57142857142857
1430.jpg,15,8,7,0,46.666666666666664
1431.jpg,7,2,4,1,71.42857142857143
1432.jpg,7,5,1,1,28.57142857142857
1433.jpg,8,2,4,2,75.0
1434.jpg,9,3,3,3,66.66666666666666
1435.jpg,9,4,1,4,55.55555555555556
1436.jpg,4,0,2,2,100.0
1437.jpg,13,6,5,2,53.84615384615385
1438.jpg,7,0,4,3,100.0
1439.jpg,9,3,3,3,66.66666666666666
1440.jpg,12,7,3,2,41.66666666666667
1441.jpg,7,1,4,2,85.71428571428571
1442.jpg,14,6,3,5,57.14285714285714
1443.jpg,10,4,3,3,60.0
1444.jpg,9,1,3,5,88.88888888888889
1445.jpg,11,3,4,4,72.72727272727273
1446.jpg,18,11,4,3,38.88888888888889
1447.jpg,14,4,4,6,71.42857142857143
1448.jpg,15,3,6,6,80.0
1449.jpg,19,5,8,6,73.68421052631578
1450.jpg,14,5,5,4,64.28571428571429
1451.jpg,13,6,2,5,53.84615384615385
1452.jpg,13,8,3,2,38.46153846153847
1453.jpg,11,4,3,4,63.63636363636363
1454.jpg,14,6,5,3,57.14285714285714
1455.jpg,9,4,0,5,55.55555555555556
1456.jpg,14,10,4,0,28.57142857142857
1457.jpg,11,5,3,3,54.54545454545454
1458.jpg,10,2,3,5,80.0
1459.jpg,14,5,5,4,64.28571428571429
1460.jpg,7,2,2,3,71.42857142857143
1461.jpg,8,5,3,0,37.5
1462.jpg,9,4,1,4,55.55555555555556
1463.jpg,11,5,3,3,54.54545454545454
1464.jpg,13,7,5,1,46.15384615384615
1465.jpg,15,9,5,1,40.0
1466.jpg,12,6,5,1,50.0
1467.jpg,14,6,5,3,57.14285714285714
1468.jpg,14,4,5,5,71.42857142857143
1469.jpg,16,5,8,3,68.75
1470.jpg,10,5,2,3,50.0
1471.jpg,10,6,3,1,40.0
1472.jpg,15,5,7,3,66.66666666666666
1473.jpg,16,5,7,4,68.75
1474.jpg,11,5,4,2,54.54545454545454
1475.jpg,11,4,3,4,63.63636363636363
1476.jpg,12,7,2,3,41.66666666666667
1477.jpg,8,3,3,2,62.5
1478.jpg,11,4,4,3,63.63636363636363
1479.jpg,7,1,2,4,85.71428571428571
1480.jpg,10,4,3,3,60.0
1481.jpg,12,7,4,1,41.66666666666667
1482.jpg,17,12,4,1,29.411764705882355
1483.jpg,14,7,6,1,50.0
1484.jpg,10,7,2,1,30.0
1485.jpg,15,10,5,0,33.33333333333333
1486.jpg,14,6,6,2,57.14285714285714
1487.jpg,11,5,3,3,54.54545454545454
1488.jpg,14,6,7,1,57.14285714285714
1489.jpg,12,4,5,3,66.66666666666666
1490.jpg,14,9,4,1,35.714285714285715
1491.jpg,14,8,4,2,42.857142857142854
1492.jpg,15,5,7,3,66.66666666666666
1493.jpg,15,7,6,2,53.333333333333336
1494.jpg,16,11,4,1,31.25
1495.jpg,15,9,4,2,40.0
1496.jpg,16,7,6,3,56.25
1497.jpg,16,7,6,3,56.25
1498.jpg,13,6,4,3,53.84615384615385
1499.jpg,13,3,8,2,76.92307692307693
1500.jpg,18,7,9,2,61.111111111111114
1501.jpg,15,9,4,2,40.0
1502.jpg,16,10,4,2,37.5
1503.jpg,11,8,2,1,27.27272727272727
1504.jpg,10,8,1,1,20.0
1505.jpg,17,12,3,2,29.411764705882355
1506.jpg,17,10,5,2,41.17647058823529
1507.jpg,17,8,6,3,52.94117647058824
1508.jpg,18,9,6,3,50.0
1509.jpg,17,8,5,4,52.94117647058824
1510.jpg,14,10,0,4,28.57142857142857
1511.jpg,9,5,1,3,44.44444444444444
1512.jpg,7,2,2,3,71.42857142857143
1513.jpg,9,2,3,4,77.77777777777779
1514.jpg,8,5,3,0,37.5
1515.jpg,10,4,4,2,60.0
1516.jpg,9,3,3,3,66.66666666666666
1517.jpg,8,2,4,2,75.0
1518.jpg,8,3,2,3,62.5
1519.jpg,12,9,1,2,25.0
1520.jpg,14,8,4,2,42.857142857142854
1521.jpg,8,4,2,2,50.0
1522.jpg,11,7,2,2,36.36363636363637
1523.jpg,19,9,7,3,52.63157894736842
1524.jpg,13,7,4,2,46.15384615384615
1525.jpg,11,7,2,2,36.36363636363637
1526.jpg,6,2,1,3,66.66666666666666
1527.jpg,12,6,3,3,50.0
1528.jpg,15,8,3,4,46.666666666666664
1529.jpg,16,11,4,1,31.25
1530.jpg,13,10,2,1,23.076923076923077
1531.jpg,14,10,2,2,28.57142857142857
1532.jpg,9,2,4,3,77.77777777777779
1533.jpg,11,2,5,4,81.81818181818183
1534.jpg,12,3,5,4,75.0
1535.jpg,8,4,1,3,50.0
1536.jpg,5,3,1,1,40.0
1537.jpg,7,4,2,1,42.857142857142854
1538.jpg,7,5,1,1,28.57142857142857
1539.jpg,12,6,3,3,50.0
1540.jpg,7,4,2,1,42.857142857142854
1541.jpg,15,7,7,1,53.333333333333336
1542.jpg,5,2,1,2,60.0
1543.jpg,14,8,4,2,42.857142857142854
1544.jpg,11,5,4,2,54.54545454545454
1545.jpg,13,9,1,3,30.76923076923077
1546.jpg,14,10,1,3,28.57142857142857
1547.jpg,7,3,1,3,57.14285714285714
1548.jpg,14,7,3,4,50.0
1549.jpg,11,8,1,2,27.27272727272727
1550.jpg,15,7,4,4,53.333333333333336
1551.jpg,11,6,3,2,45.45454545454545
1552.jpg,15,7,5,3,53.333333333333336
1553.jpg,10,7,1,2,30.0
1554.jpg,11,4,3,4,63.63636363636363
1555.jpg,13,8,3,2,38.46153846153847
1556.jpg,12,6,3,3,50.0
1557.jpg,12,4,4,4,66.66666666666666
1558.jpg,14,7,5,2,50.0
1559.jpg,10,4,5,1,60.0
1560.jpg,15,5,6,4,66.66666666666666
1561.jpg,16,5,7,4,68.75
1562.jpg,15,3,7,5,80.0
1563.jpg,7,4,2,1,42.857142857142854
1564.jpg,14,7,4,3,50.0
1565.jpg,6,2,1,3,66.66666666666666
1566.jpg,12,8,2,2,33.33333333333333
1567.jpg,11,6,2,3,45.45454545454545
1568.jpg,17,13,2,2,23.52941176470588
1569.jpg,11,6,2,3,45.45454545454545
1570.jpg,5,3,0,2,40.0
1571.jpg,10,6,1,3,40.0
1572.jpg,9,7,0,2,22.22222222222222
1573.jpg,13,7,2,4,46.15384615384615
1574.jpg,12,6,3,3,50.0
1575.jpg,15,10,2,3,33.33333333333333
1576.jpg,14,8,4,2,42.857142857142854
1577.jpg,9,1,5,3,88.88888888888889
1578.jpg,12,9,2,1,25.0
1579.jpg,5,2,1,2,60.0
1580.jpg,12,5,3,4,58.333333333333336
1581.jpg,16,6,4,6,62.5
1582.jpg,16,8,4,4,50.0
1583.jpg,12,3,3,6,75.0
1584.jpg,12,7,1,4,41.66666666666667
1585.jpg,12,6,2,4,50.0
1586.jpg,12,8,1,3,33.33333333333333
1587.jpg,7,2,2,3,71.42857142857143
1588.jpg,9,4,3,2,55.55555555555556
1589.jpg,9,5,3,1,44.44444444444444
1590.jpg,14,4,6,4,71.42857142857143
1591.jpg,10,4,4,2,60.0
1592.jpg,10,4,4,2,60.0
1593.jpg,8,6,1,1,25.0
1594.jpg,11,6,2,3,45.45454545454545
1595.jpg,16,13,0,3,18.75
1596.jpg,10,6,1,3,40.0
1597.jpg,17,10,4,3,41.17647058823529
1598.jpg,12,9,0,3,25.0
1599.jpg,5,3,0,2,40.0
1600.jpg,9,5,2,2,44.44444444444444
1601.jpg,6,3,1,2,50.0
1602.jpg,10,7,2,1,30.0
1603.jpg,8,4,2,2,50.0
1604.jpg,17,11,4,2,35.294117647058826
1605.jpg,16,8,5,3,50.0
1606.jpg,15,6,6,3,60.0
1607.jpg,9,6,2,1,33.33333333333333
1608.jpg,14,8,3,3,42.857142857142854
1609.jpg,5,5,0,0,0.0
1610.jpg,4,4,0,0,0.0
1611.jpg,10,8,2,0,20.0
1612.jpg,9,5,3,1,44.44444444444444
1613.jpg,8,8,0,0,0.0
1614.jpg,6,6,0,0,0.0
1615.jpg,9,6,2,1,33.33333333333333
1616.jpg,7,4,2,1,42.857142857142854
1617.jpg,8,6,2,0,25.0
1618.jpg,9,6,1,2,33.33333333333333
1619.jpg,12,6,4,2,50.0
1620.jpg,9,8,0,1,11.11111111111111
1621.jpg,9,5,1,3,44.44444444444444
1622.jpg,11,9,1,1,18.181818181818183
1623.jpg,8,7,0,1,12.5
1624.jpg,8,7,1,0,12.5
1625.jpg,11,10,0,1,9.090909090909092
1626.jpg,10,10,0,0,0.0
1627.jpg,13,11,0,2,15.384615384615385
1628.jpg,10,6,2,2,40.0
1629.jpg,12,4,3,5,66.66666666666666
1630.jpg,19,11,4,4,42.10526315789473
1631.jpg,9,2,2,5,77.77777777777779
1632.jpg,10,7,2,1,30.0
1633.jpg,7,5,1,1,28.57142857142857
1634.jpg,10,4,3,3,60.0
1635.jpg,14,6,5,3,57.14285714285714
1636.jpg,15,9,5,1,40.0
1637.jpg,12,7,2,3,41.66666666666667
1638.jpg,11,5,3,3,54.54545454545454
1639.jpg,13,6,4,3,53.84615384615385
1640.jpg,17,8,5,4,52.94117647058824
1641.jpg,15,8,5,2,46.666666666666664
1642.jpg,14,8,4,2,42.857142857142854
1643.jpg,14,10,2,2,28.57142857142857
1644.jpg,5,2,1,2,60.0
1645.jpg,10,7,1,2,30.0
1646.jpg,14,7,4,3,50.0
1647.jpg,15,10,2,3,33.33333333333333
1648.jpg,12,8,1,3,33.33333333333333
1649.jpg,17,10,4,3,41.17647058823529
1650.jpg,14,8,3,3,42.857142857142854
1651.jpg,12,6,4,2,50.0
1652.jpg,16,6,4,6,62.5
1653.jpg,19,11,4,4,42.10526315789473
1654.jpg,15,8,5,2,46.666666666666664
1655.jpg,16,6,4,6,62.5
1656.jpg,13,3,5,5,76.92307692307693
1657.jpg,10,3,4,3,70.0
1658.jpg,12,6,4,2,50.0
1659.jpg,21,16,3,2,23.809523809523807
1660.jpg,15,7,6,2,53.333333333333336
1661.jpg,15,8,6,1,46.666666666666664
1662.jpg,13,6,6,1,53.84615384615385
1663.jpg,13,3,5,5,76.92307692307693
1664.jpg,17,8,7,2,52.94117647058824
1665.jpg,13,4,7,2,69.23076923076923
1666.jpg,16,5,9,2,68.75
1667.jpg,19,9,8,2,52.63157894736842
1668.jpg,16,7,5,4,56.25
1669.jpg,22,12,7,3,45.45454545454545
1670.jpg,19,10,8,1,47.368421052631575
1671.jpg,18,13,4,1,27.77777777777778
1672.jpg,19,9,9,1,52.63157894736842
1673.jpg,14,4,8,2,71.42857142857143
1674.jpg,10,3,4,3,70.0
1675.jpg,19,10,8,1,47.368421052631575
1676.jpg,21,13,6,2,38.095238095238095
1677.jpg,18,9,7,2,50.0
1678.jpg,23,14,7,2,39.130434782608695
1679.jpg,10,3,6,1,70.0
1680.jpg,10,4,4,2,60.0
1681.jpg,9,3,5,1,66.66666666666666
1682.jpg,15,9,5,1,40.0
1683.jpg,17,6,10,1,64.70588235294117
1684.jpg,19,9,9,1,52.63157894736842
1685.jpg,12,6,4,2,50.0
1686.jpg,20,5,9,6,75.0
1687.jpg,18,8,7,3,55.55555555555556
1688.jpg,15,7,5,3,53.333333333333336
1689.jpg,17,4,8,5,76.47058823529412
1690.jpg,17,5,6,6,70.58823529411765
1691.jpg,14,4,6,4,71.42857142857143
1692.jpg,15,5,7,3,66.66666666666666
1693.jpg,20,10,7,3,50.0
1694.jpg,16,6,5,5,62.5
1695.jpg,13,3,5,5,76.92307692307693
1696.jpg,21,16,3,2,23.809523809523807
1697.jpg,14,5,5,4,64.28571428571429
1698.jpg,17,8,6,3,52.94117647058824
1699.jpg,18,7,8,3,61.111111111111114
1700.jpg,19,8,7,4,57.89473684210527
1701.jpg,19,10,4,5,47.368421052631575
1702.jpg,15,7,4,4,53.333333333333336
1703.jpg,6,2,3,1,66.66666666666666
1704.jpg,11,7,2,2,36.36363636363637
1705.jpg,16,13,2,1,18.75
1706.jpg,10,3,3,4,70.0
1707.jpg,15,7,6,2,53.333333333333336
1708.jpg,12,5,3,4,58.333333333333336
1709.jpg,19,12,4,3,36.84210526315789
1710.jpg,13,5,5,3,61.53846153846154
1711.jpg,8,3,2,3,62.5
1712.jpg,13,9,2,2,30.76923076923077
1713.jpg,12,8,2,2,33.33333333333333
1714.jpg,14,7,5,2,50.0
1715.jpg,8,6,0,2,25.0
1716.jpg,9,4,2,3,55.55555555555556
1717.jpg,12,4,4,4,66.66666666666666
1718.jpg,15,8,6,1,46.666666666666664
1719.jpg,11,2,5,4,81.81818181818183
1720.jpg,15,8,4,3,46.666666666666664
1721.jpg,13,8,2,3,38.46153846153847
1722.jpg,8,4,2,2,50.0
1723.jpg,8,4,3,1,50.0
1724.jpg,11,6,3,2,45.45454545454545
1725.jpg,9,5,3,1,44.44444444444444
1726.jpg,14,9,1,4,35.714285714285715
1727.jpg,10,3,2,5,70.0
1728.jpg,12,5,2,5,58.333333333333336
1729.jpg,13,6,6,1,53.84615384615385
1730.jpg,15,4,5,6,73.33333333333333
1731.jpg,5,3,1,1,40.0
1732.jpg,11,6,2,3,45.45454545454545
1733.jpg,5,1,0,4,80.0
1734.jpg,8,1,3,4,87.5
1735.jpg,10,3,4,3,70.0
1736.jpg,19,12,4,3,36.84210526315789
1737.jpg,12,6,2,4,50.0
1738.jpg,12,4,4,4,66.66666666666666
1739.jpg,8,5,0,3,37.5
1740.jpg,17,8,7,2,52.94117647058824
1741.jpg,14,12,2,0,14.285714285714285
1742.jpg,13,10,2,1,23.076923076923077
1743.jpg,7,5,1,1,28.57142857142857
1744.jpg,7,4,1,2,42.857142857142854
1745.jpg,5,4,1,0,20.0
1746.jpg,7,6,1,0,14.285714285714285
1747.jpg,5,3,2,0,40.0
1748.jpg,12,3,8,1,75.0
1749.jpg,9,5,2,2,44.44444444444444
1750.jpg,8,3,2,3,62.5
1751.jpg,13,4,7,2,69.23076923076923
1752.jpg,3,0,1,2,100.0
1753.jpg,4,0,2,2,100.0
1754.jpg,7,3,3,1,57.14285714285714
1755.jpg,9,5,2,2,44.44444444444444
1756.jpg,10,6,1,3,40.0
1757.jpg,10,5,2,3,50.0
1758.jpg,9,3,3,3,66.66666666666666
1759.jpg,11,5,3,3,54.54545454545454
1760.jpg,11,8,2,1,27.27272727272727
1761.jpg,7,2,4,1,71.42857142857143
1762.jpg,16,5,9,2,68.75
1763.jpg,10,3,5,2,70.0
1764.jpg,11,2,6,3,81.81818181818183
1765.jpg,5,2,2,1,60.0
1766.jpg,7,5,1,1,28.57142857142857
1767.jpg,10,8,1,1,20.0
1768.jpg,6,2,3,1,66.66666666666666
1769.jpg,5,5,0,0,0.0
1770.jpg,5,3,1,1,40.0
1771.jpg,8,7,1,0,12.5
1772.jpg,9,4,4,1,55.55555555555556
1773.jpg,19,9,8,2,52.63157894736842
1774.jpg,7,5,1,1,28.57142857142857
1775.jpg,7,6,0,1,14.285714285714285
1776.jpg,6,4,1,1,33.33333333333333
1777.jpg,7,6,1,0,14.285714285714285
1778.jpg,5,3,0,2,40.0
1779.jpg,10,9,1,0,10.0
1780.jpg,8,8,0,0,0.0
1781.jpg,6,4,2,0,33.33333333333333
1782.jpg,5,5,0,0,0.0
1783.jpg,3,3,0,0,0.0
1784.jpg,16,7,5,4,56.25
1785.jpg,4,2,1,1,50.0
1786.jpg,5,5,0,0,0.0
1787.jpg,10,7,2,1,30.0
1788.jpg,2,2,0,0,0.0
1789.jpg,10,8,1,1,20.0
1790.jpg,8,6,1,1,25.0
1791.jpg,9,3,3,3,66.66666666666666
1792.jpg,6,2,1,3,66.66666666666666
1793.jpg,8,5,0,3,37.5
1794.jpg,11,8,1,2,27.27272727272727
1795.jpg,22,12,7,3,45.45454545454545
1796.jpg,5,2,2,1,60.0
1797.jpg,6,3,0,3,50.0
1798.jpg,12,9,1,2,25.0
1799.jpg,4,4,0,0,0.0
1800.jpg,5,5,0,0,0.0
1801.jpg,11,3,4,4,72.72727272727273
1802.jpg,10,2,4,4,80.0
1803.jpg,5,3,1,1,40.0
1804.jpg,13,5,5,3,61.53846153846154
1805.jpg,10,2,4,4,80.0
1806.jpg,19,10,8,1,47.368421052631575
1807.jpg,7,0,3,4,100.0
1808.jpg,8,2,2,4,75.0
1809.jpg,13,7,3,3,46.15384615384615
1810.jpg,4,2,0,2,50.0
1811.jpg,8,5,0,3,37.5
1812.jpg,8,1,3,4,87.5
1813.jpg,13,6,4,3,53.84615384615385
1814.jpg,10,7,1,2,30.0
1815.jpg,16,4,8,4,75.0
1816.jpg,13,2,8,3,84.61538461538461
1817.jpg,18,13,4,1,27.77777777777778
1818.jpg,11,6,4,1,45.45454545454545
1819.jpg,11,5,2,4,54.54545454545454
1820.jpg,13,10,2,1,23.076923076923077
1821.jpg,8,3,4,1,62.5
1822.jpg,12,7,3,2,41.66666666666667
1823.jpg,10,6,2,2,40.0
1824.jpg,11,4,4,3,63.63636363636363
1825.jpg,14,8,4,2,42.857142857142854
1826.jpg,10,2,6,2,80.0
1827.jpg,14,6,6,2,57.14285714285714
1828.jpg,19,9,9,1,52.63157894736842
1829.jpg,11,4,4,3,63.63636363636363
1830.jpg,12,4,6,2,66.66666666666666
1831.jpg,17,7,7,3,58.82352941176471
1832.jpg,16,8,6,2,50.0
1833.jpg,14,8,5,1,42.857142857142854
1834.jpg,10,8,2,0,20.0
1835.jpg,9,6,1,2,33.33333333333333
1836.jpg,7,0,3,4,100.0
1837.jpg,17,10,4,3,41.17647058823529
1838.jpg,13,5,5,3,61.53846153846154
1839.jpg,14,4,8,2,71.42857142857143
1840.jpg,12,5,4,3,58.333333333333336
1841.jpg,14,7,3,4,50.0
1842.jpg,16,10,2,4,37.5
1843.jpg,14,10,3,1,28.57142857142857
1844.jpg,15,14,0,1,6.666666666666667
1845.jpg,13,11,0,2,15.384615384615385
1846.jpg,8,7,0,1,12.5
1847.jpg,14,11,1,2,21.428571428571427
1848.jpg,12,10,2,0,16.666666666666664
1849.jpg,9,9,0,0,0.0
1850.jpg,19,10,8,1,47.368421052631575
1851.jpg,11,9,2,0,18.181818181818183
1852.jpg,13,10,1,2,23.076923076923077
1853.jpg,10,8,1,1,20.0
1854.jpg,5,3,0,2,40.0
1855.jpg,9,5,2,2,44.44444444444444
1856.jpg,11,5,4,2,54.54545454545454
1857.jpg,7,2,1,4,71.42857142857143
1858.jpg,13,8,4,1,38.46153846153847
1859.jpg,9,8,1,0,11.11111111111111
1860.jpg,8,8,0,0,0.0
1861.jpg,21,13,6,2,38.095238095238095
1862.jpg,5,1,2,2,80.0
1863.jpg,8,8,0,0,0.0
1864.jpg,16,11,4,1,31.25
1865.jpg,8,5,2,1,37.5
1866.jpg,10,6,1,3,40.0
1867.jpg,6,3,0,3,50.0
1868.jpg,10,6,1,3,40.0
1869.jpg,9,4,2,3,55.55555555555556
1870.jpg,11,3,4,4,72.72727272727273
1871.jpg,13,4,4,5,69.23076923076923
1872.jpg,18,9,7,2,50.0
1873.jpg,15,7,4,4,53.333333333333336
1874.jpg,11,4,5,2,63.63636363636363
1875.jpg,11,6,2,3,45.45454545454545
1876.jpg,12,6,3,3,50.0
1877.jpg,8,3,2,3,62.5
1878.jpg,8,4,2,2,50.0
1879.jpg,6,3,1,2,50.0
1880.jpg,7,3,2,2,57.14285714285714
1881.jpg,9,5,2,2,44.44444444444444
1882.jpg,10,5,3,2,50.0
1883.jpg,23,14,7,2,39.130434782608695
1884.jpg,6,4,1,1,33.33333333333333
1885.jpg,6,5,0,1,16.666666666666664
1886.jpg,12,9,1,2,25.0
1887.jpg,13,6,3,4,53.84615384615385
1888.jpg,14,7,4,3,50.0
1889.jpg,8,6,0,2,25.0
1890.jpg,4,1,1,2,75.0
1891.jpg,7,3,2,2,57.14285714285714
1892.jpg,13,8,3,2,38.46153846153847
1893.jpg,10,8,0,2,20.0
1894.jpg,10,3,6,1,70.0
1895.jpg,8,7,1,0,12.5
1896.jpg,9,7,2,0,22.22222222222222
1897.jpg,7,3,2,2,57.14285714285714
1898.jpg,11,9,0,2,18.181818181818183
1899.jpg,8,8,0,0,0.0
1900.jpg,3,3,0,0,0.0
1901.jpg,8,4,2,2,50.0
1902.jpg,9,9,0,0,0.0
1903.jpg,8,5,2,1,37.5
1904.jpg,5,5,0,0,0.0
1905.jpg,10,4,4,2,60.0
1906.jpg,9,8,0,1,11.11111111111111
1907.jpg,9,7,1,1,22.22222222222222
1908.jpg,7,6,1,0,14.285714285714285
1909.jpg,5,5,0,0,0.0
1910.jpg,6,6,0,0,0.0
1911.jpg,12,6,3,3,50.0
1912.jpg,12,7,2,3,41.66666666666667
1913.jpg,9,6,2,1,33.33333333333333
1914.jpg,9,9,0,0,0.0
1915.jpg,7,3,2,2,57.14285714285714
1916.jpg,9,3,5,1,66.66666666666666
1917.jpg,8,8,0,0,0.0
1918.jpg,8,8,0,0,0.0
1919.jpg,6,6,0,0,0.0
1920.jpg,11,6,4,1,45.45454545454545
1921.jpg,15,10,4,1,33.33333333333333
1922.jpg,10,9,0,1,10.0
1923.jpg,14,12,2,0,14.285714285714285
1924.jpg,9,5,2,2,44.44444444444444
1925.jpg,12,5,6,1,58.333333333333336
1926.jpg,11,7,2,2,36.36363636363637
1927.jpg,15,9,5,1,40.0
1928.jpg,14,10,2,2,28.57142857142857
1929.jpg,13,10,1,2,23.076923076923077
1930.jpg,10,6,2,2,40.0
1931.jpg,10,7,1,2,30.0
1932.jpg,8,7,1,0,12.5
1933.jpg,8,6,1,1,25.0
1934.jpg,14,10,2,2,28.57142857142857
1935.jpg,11,10,1,0,9.090909090909092
1936.jpg,13,12,0,1,7.6923076923076925
1937.jpg,9,9,0,0,0.0
1938.jpg,17,6,10,1,64.70588235294117
1939.jpg,8,7,1,0,12.5
1940.jpg,9,7,1,1,22.22222222222222
1941.jpg,14,10,3,1,28.57142857142857
1942.jpg,15,9,2,4,40.0
1943.jpg,16,15,0,1,6.25
1944.jpg,13,10,2,1,23.076923076923077
1945.jpg,12,10,1,1,16.666666666666664
1946.jpg,12,10,2,0,16.666666666666664
1947.jpg,10,7,2,1,30.0
1948.jpg,18,16,2,0,11.11111111111111
1949.jpg,19,9,9,1,52.63157894736842
1950.jpg,16,11,3,2,31.25
1951.jpg,11,6,3,2,45.45454545454545
1952.jpg,11,11,0,0,0.0
1953.jpg,15,14,1,0,6.666666666666667
1954.jpg,12,6,5,1,50.0
1955.jpg,16,12,4,0,25.0
1956.jpg,7,6,1,0,14.285714285714285
1957.jpg,12,11,1,0,8.333333333333332
1958.jpg,6,5,1,0,16.666666666666664
1959.jpg,8,5,1,2,37.5
1960.jpg,20,5,9,6,75.0
1961.jpg,11,6,1,4,45.45454545454545
1962.jpg,15,12,1,2,20.0
1963.jpg,8,5,2,1,37.5
1964.jpg,10,8,1,1,20.0
1965.jpg,10,8,1,1,20.0
1966.jpg,15,10,2,3,33.33333333333333
1967.jpg,6,6,0,0,0.0
1968.jpg,8,8,0,0,0.0
1969.jpg,4,3,0,1,25.0
1970.jpg,9,8,1,0,11.11111111111111
1971.jpg,18,8,7,3,55.55555555555556
1972.jpg,10,10,0,0,0.0
1973.jpg,6,5,0,1,16.666666666666664
1974.jpg,13,7,4,2,46.15384615384615
1975.jpg,6,4,0,2,33.33333333333333
1976.jpg,10,7,2,1,30.0
1977.jpg,12,3,3,6,75.0
1978.jpg,14,8,2,4,42.857142857142854
1979.jpg,13,4,4,5,69.23076923076923
1980.jpg,10,4,2,4,60.0
1981.jpg,9,4,2,3,55.55555555555556
1982.jpg,15,7,5,3,53.333333333333336
1983.jpg,9,4,2,3,55.55555555555556
1984.jpg,10,6,2,2,40.0
1985.jpg,10,4,3,3,60.0
1986.jpg,14,10,2,2,28.57142857142857
1987.jpg,12,9,1,2,25.0
1988.jpg,13,10,1,2,23.076923076923077
1989.jpg,15,8,5,2,46.666666666666664
1990.jpg,14,6,5,3,57.14285714285714
1991.jpg,18,13,4,1,27.77777777777778
1992.jpg,12,7,3,2,41.66666666666667
1993.jpg,17,4,8,5,76.47058823529412
1994.jpg,14,6,4,4,57.14285714285714
1995.jpg,11,4,4,3,63.63636363636363
1996.jpg,13,8,2,3,38.46153846153847
1997.jpg,6,2,2,2,66.66666666666666
1998.jpg,10,5,3,2,50.0
1999.jpg,9,4,2,3,55.55555555555556
2000.jpg,13,9,3,1,30.76923076923077
2001.jpg,12,4,5,3,66.66666666666666
2002.jpg,12,7,2,3,41.66666666666667
2003.jpg,8,3,1,4,62.5
2004.jpg,17,5,6,6,70.58823529411765
2005.jpg,13,6,3,4,53.84615384615385
2006.jpg,11,4,4,3,63.63636363636363
2007.jpg,15,10,2,3,33.33333333333333
2008.jpg,12,5,4,3,58.333333333333336
2009.jpg,10,1,5,4,90.0
2010.jpg,10,2,5,3,80.0
2011.jpg,11,6,3,2,45.45454545454545
2012.jpg,17,11,5,1,35.294117647058826
2013.jpg,16,9,6,1,43.75
2014.jpg,12,4,6,2,66.66666666666666
2015.jpg,14,4,6,4,71.42857142857143
2016.jpg,10,7,0,3,30.0
2017.jpg,12,8,0,4,33.33333333333333
2018.jpg,13,7,1,5,46.15384615384615
2019.jpg,12,8,0,4,33.33333333333333
2020.jpg,13,5,5,3,61.53846153846154
2021.jpg,15,8,4,3,46.666666666666664
2022.jpg,17,10,4,3,41.17647058823529
2023.jpg,10,4,4,2,60.0
2024.jpg,17,12,4,1,29.411764705882355
2025.jpg,15,11,3,1,26.666666666666668
2026.jpg,15,5,7,3,66.66666666666666
2027.jpg,14,10,2,2,28.57142857142857
2028.jpg,12,6,3,3,50.0
2029.jpg,11,4,3,4,63.63636363636363
2030.jpg,15,9,4,2,40.0
2031.jpg,9,3,2,4,66.66666666666666
2032.jpg,8,5,1,2,37.5
2033.jpg,11,8,1,2,27.27272727272727
2034.jpg,10,5,2,3,50.0
2035.jpg,12,6,2,4,50.0
2036.jpg,10,4,4,2,60.0
2037.jpg,20,10,7,3,50.0
2038.jpg,10,3,4,3,70.0
2039.jpg,10,4,3,3,60.0
2040.jpg,11,6,4,1,45.45454545454545
2041.jpg,10,5,2,3,50.0
2042.jpg,10,4,3,3,60.0
2043.jpg,13,6,4,3,53.84615384615385
2044.jpg,12,5,4,3,58.333333333333336
2045.jpg,15,8,5,2,46.666666666666664
2046.jpg,14,8,4,2,42.857142857142854
2047.jpg,16,7,7,2,56.25
2048.jpg,16,6,5,5,62.5
2049.jpg,12,3,7,2,75.0
2050.jpg,25,12,9,4,52.0
2051.jpg,20,10,8,2,50.0
2052.jpg,19,8,7,4,57.89473684210527
2053.jpg,17,4,9,4,76.47058823529412
2054.jpg,14,5,6,3,64.28571428571429
2055.jpg,17,6,6,5,64.70588235294117
2056.jpg,12,4,5,3,66.66666666666666
2057.jpg,16,9,5,2,43.75
2058.jpg,11,5,4,2,54.54545454545454
2059.jpg,13,3,5,5,76.92307692307693
2060.jpg,15,9,4,2,40.0
2061.jpg,19,10,6,3,47.368421052631575
2062.jpg,13,6,5,2,53.84615384615385
2063.jpg,14,3,9,2,78.57142857142857
2064.jpg,16,7,7,2,56.25
2065.jpg,14,4,7,3,71.42857142857143
2066.jpg,15,6,5,4,60.0
2067.jpg,10,4,2,4,60.0
2068.jpg,15,7,4,4,53.333333333333336
2069.jpg,24,18,4,2,25.0
2070.jpg,14,5,5,4,64.28571428571429
2071.jpg,14,6,8,0,57.14285714285714
2072.jpg,14,6,8,0,57.14285714285714
2073.jpg,19,12,5,2,36.84210526315789
2074.jpg,21,16,5,0,23.809523809523807
2075.jpg,19,14,4,1,26.31578947368421
2076.jpg,13,6,4,3,53.84615384615385
2077.jpg,14,2,9,3,85.71428571428571
2078.jpg,15,2,11,2,86.66666666666667
2079.jpg,16,10,5,1,37.5
2080.jpg,12,3,6,3,75.0
2081.jpg,17,8,6,3,52.94117647058824
2082.jpg,15,7,5,3,53.333333333333336
2083.jpg,15,8,4,3,46.666666666666664
2084.jpg,15,5,7,3,66.66666666666666
2085.jpg,11,2,6,3,81.81818181818183
2086.jpg,17,8,4,5,52.94117647058824
2087.jpg,21,12,5,4,42.857142857142854
2088.jpg,15,5,6,4,66.66666666666666
2089.jpg,13,6,5,2,53.84615384615385
2090.jpg,15,9,3,3,40.0
2091.jpg,10,2,3,5,80.0
2092.jpg,18,7,8,3,61.111111111111114
2093.jpg,17,12,4,1,29.411764705882355
2094.jpg,22,15,3,4,31.818181818181817
2095.jpg,12,6,3,3,50.0
2096.jpg,17,5,8,4,70.58823529411765
2097.jpg,23,11,8,4,52.17391304347826
2098.jpg,15,9,5,1,40.0
2099.jpg,15,11,2,2,26.666666666666668
2100.jpg,12,7,1,4,41.66666666666667
2101.jpg,7,3,1,3,57.14285714285714
2102.jpg,8,3,3,2,62.5
2103.jpg,19,8,7,4,57.89473684210527
2104.jpg,10,6,2,2,40.0
2105.jpg,11,7,3,1,36.36363636363637
2106.jpg,17,9,5,3,47.05882352941176
2107.jpg,15,6,6,3,60.0
2108.jpg,16,10,5,1,37.5
2109.jpg,12,8,3,1,33.33333333333333
2110.jpg,9,3,4,2,66.66666666666666
2111.jpg,12,7,4,1,41.66666666666667
2112.jpg,10,3,5,2,70.0
2113.jpg,11,7,2,2,36.36363636363637
2114.jpg,19,10,4,5,47.368421052631575
2115.jpg,11,6,2,3,45.45454545454545
2116.jpg,14,9,1,4,35.714285714285715
2117.jpg,14,8,2,4,42.857142857142854
2118.jpg,15,9,3,3,40.0
2119.jpg,17,10,3,4,41.17647058823529
2120.jpg,15,10,3,2,33.33333333333333
2121.jpg,26,23,1,2,11.538461538461538
2122.jpg,12,9,1,2,25.0
2123.jpg,14,8,3,3,42.857142857142854
2124.jpg,16,8,3,5,50.0
2125.jpg,15,7,4,4,53.333333333333336
2126.jpg,12,10,1,1,16.666666666666664
2127.jpg,16,10,3,3,37.5
2128.jpg,19,13,3,3,31.57894736842105
2129.jpg,13,7,3,3,46.15384615384615
2130.jpg,22,16,4,2,27.27272727272727
2131.jpg,17,10,5,2,41.17647058823529
2132.jpg,19,12,5,2,36.84210526315789
2133.jpg,17,9,6,2,47.05882352941176
2134.jpg,21,14,6,1,33.33333333333333
2135.jpg,17,13,4,0,23.52941176470588
2136.jpg,6,2,3,1,66.66666666666666
2137.jpg,20,13,6,1,35.0
2138.jpg,19,14,4,1,26.31578947368421
2139.jpg,22,16,5,1,27.27272727272727
2140.jpg,11,4,2,5,63.63636363636363
2141.jpg,13,4,5,4,69.23076923076923
2142.jpg,19,12,3,4,36.84210526315789
2143.jpg,11,3,3,5,72.72727272727273
2144.jpg,19,17,1,1,10.526315789473683
2145.jpg,15,11,2,2,26.666666666666668
2146.jpg,21,11,5,5,47.61904761904761
2147.jpg,11,7,2,2,36.36363636363637
2148.jpg,20,10,4,6,50.0
2149.jpg,19,10,6,3,47.368421052631575
2150.jpg,15,8,5,2,46.666666666666664
2151.jpg,17,11,2,4,35.294117647058826
2152.jpg,13,7,1,5,46.15384615384615
2153.jpg,16,10,3,3,37.5
2154.jpg,21,17,2,2,19.047619047619047
2155.jpg,15,11,1,3,26.666666666666668
2156.jpg,16,13,0,3,18.75
2157.jpg,7,5,1,1,28.57142857142857
2158.jpg,16,13,2,1,18.75
2159.jpg,15,12,1,2,20.0
2160.jpg,10,8,1,1,20.0
2161.jpg,12,10,1,1,16.666666666666664
2162.jpg,14,11,2,1,21.428571428571427
2163.jpg,19,14,2,3,26.31578947368421
2164.jpg,17,16,1,0,5.88235294117647
2165.jpg,14,13,1,0,7.142857142857142
2166.jpg,11,10,1,0,9.090909090909092
2167.jpg,18,15,1,2,16.666666666666664
2168.jpg,21,18,3,0,14.285714285714285
2169.jpg,10,3,3,4,70.0
2170.jpg,19,14,5,0,26.31578947368421
2171.jpg,25,19,6,0,24.0
2172.jpg,17,11,5,1,35.294117647058826
2173.jpg,18,12,5,1,33.33333333333333
2174.jpg,22,15,5,2,31.818181818181817
2175.jpg,17,12,3,2,29.411764705882355
2176.jpg,26,18,5,3,30.76923076923077
2177.jpg,17,10,7,0,41.17647058823529
2178.jpg,20,12,6,2,40.0
2179.jpg,24,17,4,3,29.166666666666668
2180.jpg,12,5,3,4,58.333333333333336
2181.jpg,18,11,6,1,38.88888888888889
2182.jpg,21,15,4,2,28.57142857142857
2183.jpg,19,14,3,2,26.31578947368421
2184.jpg,23,18,4,1,21.73913043478261
2185.jpg,22,16,5,1,27.27272727272727
2186.jpg,20,14,4,2,30.0
2187.jpg,26,15,7,4,42.30769230769231
2188.jpg,21,10,6,5,52.38095238095239
2189.jpg,18,10,3,5,44.44444444444444
2190.jpg,17,12,2,3,29.411764705882355
2191.jpg,19,12,4,3,36.84210526315789
2192.jpg,21,17,2,2,19.047619047619047
2193.jpg,25,18,4,3,28.000000000000004
2194.jpg,21,12,7,2,42.857142857142854
2195.jpg,14,4,7,3,71.42857142857143
2196.jpg,21,12,6,3,42.857142857142854
2197.jpg,13,4,6,3,69.23076923076923
2198.jpg,20,15,3,2,25.0
2199.jpg,14,11,2,1,21.428571428571427
2200.jpg,27,21,3,3,22.22222222222222
2201.jpg,15,8,4,3,46.666666666666664
2202.jpg,13,5,5,3,61.53846153846154
2203.jpg,14,9,3,2,35.714285714285715
2204.jpg,12,7,2,3,41.66666666666667
2205.jpg,9,4,2,3,55.55555555555556
2206.jpg,17,10,3,4,41.17647058823529
2207.jpg,23,15,3,5,34.78260869565217
2208.jpg,15,9,4,2,40.0
2209.jpg,13,8,3,2,38.46153846153847
2210.jpg,16,13,1,2,18.75
2211.jpg,13,9,2,2,30.76923076923077
2212.jpg,19,14,2,3,26.31578947368421
2213.jpg,8,3,2,3,62.5
2214.jpg,10,7,2,1,30.0
2215.jpg,10,6,2,2,40.0
2216.jpg,12,6,3,3,50.0
2217.jpg,11,6,2,3,45.45454545454545
2218.jpg,17,11,3,3,35.294117647058826
2219.jpg,14,12,0,2,14.285714285714285
2220.jpg,18,13,0,5,27.77777777777778
2221.jpg,15,11,0,4,26.666666666666668
2222.jpg,14,12,0,2,14.285714285714285
2223.jpg,10,3,4,3,70.0
2224.jpg,13,9,2,2,30.76923076923077
2225.jpg,12,5,3,4,58.333333333333336
2226.jpg,13,7,3,3,46.15384615384615
2227.jpg,14,9,3,2,35.714285714285715
2228.jpg,26,13,9,4,50.0
2229.jpg,15,8,6,1,46.666666666666664
2230.jpg,10,3,3,4,70.0
2231.jpg,13,6,3,4,53.84615384615385
2232.jpg,8,4,2,2,50.0
2233.jpg,9,5,2,2,44.44444444444444
2234.jpg,18,12,3,3,33.33333333333333
2235.jpg,12,8,2,2,33.33333333333333
2236.jpg,21,16,2,3,23.809523809523807
2237.jpg,15,12,3,0,20.0
2238.jpg,12,6,4,2,50.0
2239.jpg,14,7,5,2,50.0
2240.jpg,6,2,2,2,66.66666666666666
2241.jpg,15,13,1,1,13.333333333333334
2242.jpg,15,13,1,1,13.333333333333334
2243.jpg,16,11,3,2,31.25
2244.jpg,14,6,5,3,57.14285714285714
2245.jpg,18,13,4,1,27.77777777777778
2246.jpg,14,7,5,2,50.0
2247.jpg,15,11,3,1,26.666666666666668
2248.jpg,17,11,4,2,35.294117647058826
2249.jpg,14,10,2,2,28.57142857142857
2250.jpg,13,5,5,3,61.53846153846154
2251.jpg,11,4,5,2,63.63636363636363
2252.jpg,18,14,2,2,22.22222222222222
2253.jpg,20,17,2,1,15.0
2254.jpg,20,16,3,1,20.0
2255.jpg,13,7,5,1,46.15384615384615
2256.jpg,20,14,5,1,30.0
2257.jpg,8,6,0,2,25.0
2258.jpg,19,16,2,1,15.789473684210526
2259.jpg,23,21,1,1,8.695652173913043
2260.jpg,18,12,5,1,33.33333333333333
2261.jpg,16,12,3,1,25.0
2262.jpg,11,10,1,0,9.090909090909092
2263.jpg,9,4,2,3,55.55555555555556
2264.jpg,12,4,4,4,66.66666666666666
2265.jpg,11,2,5,4,81.81818181818183
2266.jpg,15,8,4,3,46.666666666666664
2267.jpg,13,8,2,3,38.46153846153847
2268.jpg,8,4,2,2,50.0
2269.jpg,8,4,3,1,50.0
2270.jpg,11,6,3,2,45.45454545454545
2271.jpg,9,5,3,1,44.44444444444444
2272.jpg,14,9,1,4,35.714285714285715
2273.jpg,10,3,2,5,70.0
2274.jpg,12,5,2,5,58.333333333333336
2275.jpg,15,4,5,6,73.33333333333333
2276.jpg,5,3,1,1,40.0
2277.jpg,11,6,2,3,45.45454545454545
2278.jpg,5,1,0,4,80.0
2279.jpg,8,1,3,4,87.5
2280.jpg,10,3,4,3,70.0
2281.jpg,19,12,4,3,36.84210526315789
2282.jpg,12,6,2,4,50.0
2283.jpg,12,4,4,4,66.66666666666666
2284.jpg,8,5,0,3,37.5
2285.jpg,14,12,2,0,14.285714285714285
2286.jpg,13,10,2,1,23.076923076923077
2287.jpg,7,5,1,1,28.57142857142857
2288.jpg,7,4,1,2,42.857142857142854
2289.jpg,5,4,1,0,20.0
2290.jpg,7,6,1,0,14.285714285714285
2291.jpg,5,3,2,0,40.0
2292.jpg,12,3,8,1,75.0
2293.jpg,9,5,2,2,44.44444444444444
2294.jpg,8,3,2,3,62.5
2295.jpg,3,0,1,2,100.0
2296.jpg,4,0,2,2,100.0
2297.jpg,7,3,3,1,57.14285714285714
2298.jpg,9,5,2,2,44.44444444444444
2299.jpg,10,6,1,3,40.0
2300.jpg,10,5,2,3,50.0
2301.jpg,9,3,3,3,66.66666666666666
2302.jpg,11,5,3,3,54.54545454545454
2303.jpg,11,8,2,1,27.27272727272727
2304.jpg,7,2,4,1,71.42857142857143
2305.jpg,10,3,5,2,70.0
2306.jpg,11,2,6,3,81.81818181818183
2307.jpg,5,2,2,1,60.0
2308.jpg,7,5,1,1,28.57142857142857
2309.jpg,10,8,1,1,20.0
2310.jpg,6,2,3,1,66.66666666666666
2311.jpg,5,5,0,0,0.0
2312.jpg,5,3,1,1,40.0
2313.jpg,8,7,1,0,12.5
2314.jpg,9,4,4,1,55.55555555555556
2315.jpg,7,5,1,1,28.57142857142857
2316.jpg,7,6,0,1,14.285714285714285
2317.jpg,6,4,1,1,33.33333333333333
2318.jpg,7,6,1,0,14.285714285714285
2319.jpg,5,3,0,2,40.0
2320.jpg,10,9,1,0,10.0
2321.jpg,8,8,0,0,0.0
2322.jpg,6,4,2,0,33.33333333333333
2323.jpg,5,5,0,0,0.0
2324.jpg,3,3,0,0,0.0
2325.jpg,4,2,1,1,50.0
2326.jpg,5,5,0,0,0.0
2327.jpg,10,7,2,1,30.0
2328.jpg,2,2,0,0,0.0
2329.jpg,10,8,1,1,20.0
2330.jpg,8,6,1,1,25.0
2331.jpg,9,3,3,3,66.66666666666666
2332.jpg,6,2,1,3,66.66666666666666
2333.jpg,8,5,0,3,37.5
2334.jpg,11,8,1,2,27.27272727272727
2335.jpg,5,2,2,1,60.0
2336.jpg,6,3,0,3,50.0
2337.jpg,12,9,1,2,25.0
2338.jpg,4,4,0,0,0.0
2339.jpg,5,5,0,0,0.0
2340.jpg,11,3,4,4,72.72727272727273
2341.jpg,10,2,4,4,80.0
2342.jpg,5,3,1,1,40.0
2343.jpg,13,5,5,3,61.53846153846154
2344.jpg,10,2,4,4,80.0
2345.jpg,7,0,3,4,100.0
2346.jpg,8,2,2,4,75.0
2347.jpg,13,7,3,3,46.15384615384615
2348.jpg,4,2,0,2,50.0
2349.jpg,8,5,0,3,37.5
2350.jpg,8,1,3,4,87.5
2351.jpg,13,6,4,3,53.84615384615385
2352.jpg,10,7,1,2,30.0
2353.jpg,16,4,8,4,75.0
2354.jpg,13,2,8,3,84.61538461538461
2355.jpg,11,6,4,1,45.45454545454545
2356.jpg,11,5,2,4,54.54545454545454
2357.jpg,13,10,2,1,23.076923076923077
2358.jpg,8,3,4,1,62.5
2359.jpg,12,7,3,2,41.66666666666667
2360.jpg,10,6,2,2,40.0
2361.jpg,11,4,4,3,63.63636363636363
2362.jpg,14,8,4,2,42.857142857142854
2363.jpg,10,2,6,2,80.0
2364.jpg,14,6,6,2,57.14285714285714
2365.jpg,11,4,4,3,63.63636363636363
2366.jpg,12,4,6,2,66.66666666666666
2367.jpg,17,7,7,3,58.82352941176471
2368.jpg,16,8,6,2,50.0
2369.jpg,14,8,5,1,42.857142857142854
2370.jpg,10,8,2,0,20.0
2371.jpg,9,6,1,2,33.33333333333333
2372.jpg,7,0,3,4,100.0
2373.jpg,17,10,4,3,41.17647058823529
2374.jpg,13,5,5,3,61.53846153846154
2375.jpg,12,5,4,3,58.333333333333336
2376.jpg,14,7,3,4,50.0
2377.jpg,16,10,2,4,37.5
2378.jpg,14,10,3,1,28.57142857142857
2379.jpg,15,14,0,1,6.666666666666667
2380.jpg,13,11,0,2,15.384615384615385
2381.jpg,8,7,0,1,12.5
2382.jpg,14,11,1,2,21.428571428571427
2383.jpg,12,10,2,0,16.666666666666664
2384.jpg,9,9,0,0,0.0
2385.jpg,11,9,2,0,18.181818181818183
2386.jpg,13,10,1,2,23.076923076923077
2387.jpg,10,8,1,1,20.0
2388.jpg,5,3,0,2,40.0
2389.jpg,9,5,2,2,44.44444444444444
2390.jpg,11,5,4,2,54.54545454545454
2391.jpg,7,2,1,4,71.42857142857143
2392.jpg,13,8,4,1,38.46153846153847
2393.jpg,9,8,1,0,11.11111111111111
2394.jpg,8,8,0,0,0.0
2395.jpg,5,1,2,2,80.0
2396.jpg,8,8,0,0,0.0
2397.jpg,16,11,4,1,31.25
2398.jpg,8,5,2,1,37.5
2399.jpg,10,6,1,3,40.0
2400.jpg,6,3,0,3,50.0
2401.jpg,10,6,1,3,40.0
2402.jpg,9,4,2,3,55.55555555555556
2403.jpg,11,3,4,4,72.72727272727273
2404.jpg,13,4,4,5,69.23076923076923
2405.jpg,15,7,4,4,53.333333333333336
2406.jpg,11,4,5,2,63.63636363636363
2407.jpg,11,6,2,3,45.45454545454545
2408.jpg,12,6,3,3,50.0
2409.jpg,8,3,2,3,62.5
2410.jpg,8,4,2,2,50.0
2411.jpg,6,3,1,2,50.0
2412.jpg,7,3,2,2,57.14285714285714
2413.jpg,9,5,2,2,44.44444444444444
2414.jpg,10,5,3,2,50.0
2415.jpg,6,4,1,1,33.33333333333333
2416.jpg,6,5,0,1,16.666666666666664
2417.jpg,12,9,1,2,25.0
2418.jpg,13,6,3,4,53.84615384615385
2419.jpg,14,7,4,3,50.0
2420.jpg,8,6,0,2,25.0
2421.jpg,4,1,1,2,75.0
2422.jpg,7,3,2,2,57.14285714285714
2423.jpg,13,8,3,2,38.46153846153847
2424.jpg,10,8,0,2,20.0
2425.jpg,8,7,1,0,12.5
2426.jpg,9,7,2,0,22.22222222222222
2427.jpg,7,3,2,2,57.14285714285714
2428.jpg,11,9,0,2,18.181818181818183
2429.jpg,8,8,0,0,0.0
2430.jpg,3,3,0,0,0.0
2431.jpg,8,4,2,2,50.0
2432.jpg,9,9,0,0,0.0
2433.jpg,8,5,2,1,37.5
2434.jpg,5,5,0,0,0.0
2435.jpg,9,8,0,1,11.11111111111111
2436.jpg,9,7,1,1,22.22222222222222
2437.jpg,7,6,1,0,14.285714285714285
2438.jpg,5,5,0,0,0.0
2439.jpg,6,6,0,0,0.0
2440.jpg,5,5,0,0,0.0
2441.jpg,3,2,1,0,33.33333333333333
2442.jpg,14,14,0,0,0.0
2443.jpg,9,7,2,0,22.22222222222222
2444.jpg,17,12,3,2,29.411764705882355
2445.jpg,13,10,2,1,23.076923076923077
2446.jpg,6,5,1,0,16.666666666666664
2447.jpg,13,10,2,1,23.076923076923077
2448.jpg,8,7,1,0,12.5
2449.jpg,4,4,0,0,0.0
2450.jpg,3,2,1,0,33.33333333333333
2451.jpg,11,8,2,1,27.27272727272727
2452.jpg,13,12,1,0,7.6923076923076925
2453.jpg,16,14,1,1,12.5
2454.jpg,8,7,1,0,12.5
2455.jpg,10,9,0,1,10.0
2456.jpg,5,3,1,1,40.0
2457.jpg,10,8,1,1,20.0
2458.jpg,9,8,0,1,11.11111111111111
2459.jpg,14,12,1,1,14.285714285714285
2460.jpg,12,9,1,2,25.0
2461.jpg,16,15,0,1,6.25
2462.jpg,7,7,0,0,0.0
2463.jpg,7,6,0,1,14.285714285714285
2464.jpg,12,9,2,1,25.0
2465.jpg,10,4,4,2,60.0
2466.jpg,9,8,1,0,11.11111111111111
2467.jpg,6,5,1,0,16.666666666666664
2468.jpg,12,8,2,2,33.33333333333333
2469.jpg,17,10,5,2,41.17647058823529
2470.jpg,14,9,4,1,35.714285714285715
2471.jpg,14,14,0,0,0.0
2472.jpg,9,8,1,0,11.11111111111111
2473.jpg,18,16,2,0,11.11111111111111
2474.jpg,13,8,3,2,38.46153846153847
2475.jpg,10,9,1,0,10.0
2476.jpg,11,8,1,2,27.27272727272727
2477.jpg,16,11,3,2,31.25
2478.jpg,19,14,3,2,26.31578947368421
2479.jpg,16,12,4,0,25.0
2480.jpg,9,9,0,0,0.0
2481.jpg,7,6,0,1,14.285714285714285
2482.jpg,6,5,1,0,16.666666666666664
2483.jpg,7,5,2,0,28.57142857142857
2484.jpg,12,7,4,1,41.66666666666667
2485.jpg,11,11,0,0,0.0
2486.jpg,2,1,0,1,50.0
2487.jpg,8,7,1,0,12.5
2488.jpg,16,16,0,0,0.0
2489.jpg,16,15,1,0,6.25
2490.jpg,14,13,1,0,7.142857142857142
2491.jpg,6,5,1,0,16.666666666666664
2492.jpg,16,15,1,0,6.25
2493.jpg,11,10,1,0,9.090909090909092
2494.jpg,9,9,0,0,0.0
2495.jpg,15,13,2,0,13.333333333333334
2496.jpg,6,4,2,0,33.33333333333333
2497.jpg,11,11,0,0,0.0
2498.jpg,13,9,2,2,30.76923076923077
2499.jpg,8,7,1,0,12.5
2500.jpg,14,10,3,1,28.57142857142857
2501.jpg,15,13,2,0,13.333333333333334
2502.jpg,14,10,2,2,28.57142857142857
2503.jpg,13,9,1,3,30.76923076923077
2504.jpg,12,7,3,2,41.66666666666667
2505.jpg,10,6,3,1,40.0
2506.jpg,17,15,2,0,11.76470588235294
2507.jpg,26,25,0,1,3.8461538461538463
2508.jpg,11,10,1,0,9.090909090909092
2509.jpg,12,10,2,0,16.666666666666664
2510.jpg,14,13,1,0,7.142857142857142
2511.jpg,13,11,1,1,15.384615384615385
2512.jpg,13,11,1,1,15.384615384615385
2513.jpg,9,7,2,0,22.22222222222222
2514.jpg,14,11,3,0,21.428571428571427
2515.jpg,20,14,6,0,30.0
2516.jpg,15,15,0,0,0.0
2517.jpg,10,7,2,1,30.0
2518.jpg,19,15,4,0,21.052631578947366
2519.jpg,19,17,2,0,10.526315789473683
2520.jpg,10,8,1,1,20.0
2521.jpg,21,16,3,2,23.809523809523807
2522.jpg,9,7,0,2,22.22222222222222
2523.jpg,19,14,2,3,26.31578947368421
2524.jpg,26,22,3,1,15.384615384615385
2525.jpg,21,15,5,1,28.57142857142857
2526.jpg,23,21,2,0,8.695652173913043
2527.jpg,19,13,2,4,31.57894736842105
2528.jpg,22,18,2,2,18.181818181818183
2529.jpg,25,25,0,0,0.0
2530.jpg,19,17,1,1,10.526315789473683
2531.jpg,20,18,1,1,10.0
2532.jpg,13,10,2,1,23.076923076923077
2533.jpg,14,8,3,3,42.857142857142854
2534.jpg,23,19,1,3,17.391304347826086
2535.jpg,23,20,1,2,13.043478260869565
2536.jpg,19,10,6,3,47.368421052631575
2537.jpg,24,16,6,2,33.33333333333333
2538.jpg,23,15,7,1,34.78260869565217
2539.jpg,25,17,6,2,32.0
2540.jpg,16,7,5,4,56.25
2541.jpg,32,25,3,4,21.875
2542.jpg,22,17,4,1,22.727272727272727
2543.jpg,23,17,4,2,26.08695652173913
2544.jpg,17,13,3,1,23.52941176470588
2545.jpg,19,15,2,2,21.052631578947366
2546.jpg,16,13,1,2,18.75
2547.jpg,24,20,2,2,16.666666666666664
2548.jpg,27,26,1,0,3.7037037037037033
2549.jpg,21,16,3,2,23.809523809523807
2550.jpg,15,9,3,3,40.0
2551.jpg,17,9,5,3,47.05882352941176
2552.jpg,19,12,3,4,36.84210526315789
2553.jpg,19,14,4,1,26.31578947368421
2554.jpg,23,17,6,0,26.08695652173913
2555.jpg,17,10,7,0,41.17647058823529
2556.jpg,21,17,3,1,19.047619047619047
2557.jpg,13,12,0,1,7.6923076923076925
2558.jpg,13,12,0,1,7.6923076923076925
2559.jpg,15,11,3,1,26.666666666666668
2560.jpg,25,21,3,1,16.0
2561.jpg,18,11,5,2,38.88888888888889
2562.jpg,22,17,5,0,22.727272727272727
2563.jpg,22,17,4,1,22.727272727272727
2564.jpg,19,13,5,1,31.57894736842105
2565.jpg,18,11,6,1,38.88888888888889
2566.jpg,20,11,6,3,45.0
2567.jpg,23,17,3,3,26.08695652173913
2568.jpg,17,12,3,2,29.411764705882355
2569.jpg,17,14,3,0,17.647058823529413
2570.jpg,25,20,3,2,20.0
2571.jpg,21,14,4,3,33.33333333333333
2572.jpg,21,13,4,4,38.095238095238095
2573.jpg,17,10,3,4,41.17647058823529
2574.jpg,14,11,1,2,21.428571428571427
2575.jpg,16,12,1,3,25.0
2576.jpg,19,13,2,4,31.57894736842105
2577.jpg,23,15,5,3,34.78260869565217
2578.jpg,19,12,4,3,36.84210526315789
2579.jpg,19,14,4,1,26.31578947368421
2580.jpg,13,10,2,1,23.076923076923077
2581.jpg,22,18,3,1,18.181818181818183
2582.jpg,16,11,4,1,31.25
2583.jpg,19,12,4,3,36.84210526315789
2584.jpg,18,14,3,1,22.22222222222222
2585.jpg,16,12,3,1,25.0
2586.jpg,20,14,5,1,30.0
2587.jpg,15,12,2,1,20.0
2588.jpg,19,14,4,1,26.31578947368421
2589.jpg,16,9,4,3,43.75
2590.jpg,15,8,5,2,46.666666666666664
2591.jpg,13,8,3,2,38.46153846153847
2592.jpg,15,7,6,2,53.333333333333336
2593.jpg,8,1,5,2,87.5
2594.jpg,18,10,5,3,44.44444444444444
2595.jpg,9,3,4,2,66.66666666666666
2596.jpg,11,7,4,0,36.36363636363637
2597.jpg,17,12,4,1,29.411764705882355
2598.jpg,18,13,3,2,27.77777777777778
2599.jpg,21,14,6,1,33.33333333333333
2600.jpg,23,15,5,3,34.78260869565217
2601.jpg,22,16,4,2,27.27272727272727
2602.jpg,17,10,6,1,41.17647058823529
2603.jpg,17,13,4,0,23.52941176470588
2604.jpg,22,17,5,0,22.727272727272727
2605.jpg,17,13,3,1,23.52941176470588
2606.jpg,21,17,3,1,19.047619047619047
2607.jpg,22,20,2,0,9.090909090909092
2608.jpg,20,13,6,1,35.0
2609.jpg,14,10,3,1,28.57142857142857
2610.jpg,23,23,0,0,0.0
2611.jpg,12,11,0,1,8.333333333333332
2612.jpg,16,14,2,0,12.5
2613.jpg,16,14,2,0,12.5
2614.jpg,27,24,2,1,11.11111111111111
2615.jpg,14,11,2,1,21.428571428571427
2616.jpg,12,11,1,0,8.333333333333332
2617.jpg,16,14,2,0,12.5
2618.jpg,18,12,5,1,33.33333333333333
2619.jpg,19,15,3,1,21.052631578947366
2620.jpg,8,6,2,0,25.0
2621.jpg,11,8,2,1,27.27272727272727
2622.jpg,14,10,4,0,28.57142857142857
2623.jpg,11,8,3,0,27.27272727272727
2624.jpg,24,20,3,1,16.666666666666664
2625.jpg,20,15,5,0,25.0
2626.jpg,16,14,2,0,12.5
2627.jpg,16,15,0,1,6.25
2628.jpg,19,16,2,1,15.789473684210526
2629.jpg,15,9,3,3,40.0
2630.jpg,13,8,3,2,38.46153846153847
2631.jpg,13,8,3,2,38.46153846153847
2632.jpg,11,7,3,1,36.36363636363637
2633.jpg,14,10,2,2,28.57142857142857
2634.jpg,13,7,3,3,46.15384615384615
2635.jpg,18,10,6,2,44.44444444444444
2636.jpg,21,18,1,2,14.285714285714285
2637.jpg,18,18,0,0,0.0
2638.jpg,7,5,1,1,28.57142857142857
2639.jpg,17,13,3,1,23.52941176470588
2640.jpg,15,14,1,0,6.666666666666667
